,Name,smiles,IE / eV,EA / eV,pubchem_smiles,E12,Reaction,Solvent
0,Isoxazole,c1cnoc1,10.0,,C1=CON=C1,,,
1,Isopropyl acetate,CC(=O)OC(C)C,9.99,,CC(C)OC(=O)C,,,
2,1-Butanol,CCCCO,9.99,,CCCCO,,,
3,"Ethene, chloro-",C=CCl,9.99,,C=CCl,,,
4,Ethyl Acetate,CCOC(C)=O,10.01,,CCOC(=O)C,,,
5,"Butane, 2-bromo-",CCC(C)Br,10.01,,CCC(C)Br,,,
6,"1-Propanol, 2-methyl-",CC(C)CO,10.02,,CC(C)CO,,,
7,Dimethyl ether,COC,10.025,,COC,,,
8,1-Hexyne,C#CCCCC,10.03,,CCCCC#C,,,
9,Allyl chloride,C=CCCl,10.05,,C=CCCl,,,
10,"Propane, 1-bromo-2-methyl-",CC(C)CBr,10.09,,CC(C)CBr,,,
11,"Pentane, 1-bromo-",CCCCCBr,10.1,,CCCCCBr,,,
12,1-Pentyne,C#CCCC,10.1,,CCCC#C,,,
13,"Propane, 2-bromo-",CC(C)Br,10.1,,CC(C)Br,,,
14,2-Propenal,C=CC=O,10.11,,C=CC=O,,,
15,"Butane, 1-bromo-",CCCCBr,10.13,,CCCCBr,,,
16,"Ethene, tetrafluoro-",FC(F)=C(F)F,10.14,,C(=C(F)F)(F)F,,,
17,Methyl propionate,CCC(=O)OC,10.15,,CCC(=O)OC,,,
18,Formamide,N=CO,10.16,,C(=O)N,,,
19,Butanoic acid,CCCC(=O)O,10.17,,CCCC(=O)O,,,
20,Isopropyl Alcohol,CC(C)O,10.17,,CC(C)O,,,
21,"Propane, 1-bromo-",CCCBr,10.18,,CCCBr,,,
22,1-Butyne,C#CCC,10.18,,CCC#C,,,
23,3-Butenenitrile,C=CCC#N,10.2,,C=CCC#N,,,
24,1-Propanol,CCCO,10.22,,CCCO,,,
25,Propylene oxide,CC1CO1,10.22,,CC1CO1,,,
26,Acetaldehyde,CC=O,10.229,,CC=O,,,
27,"Propanoic acid, 2-methyl-",CC(C)C(=O)O,10.24,,CC(C)C(=O)O,,,
28,"Acetic acid, methyl ester",COC(C)=O,10.25,,CC(=O)OC,,,
29,Pentane,CCCCC,10.28,,CCCCC,,,
30,Ethyl bromide,CCBr,10.29,,CCBr,,,
31,"Ethene, 1,1-difluoro-",C=C(F)F,10.29,,C=C(F)F,,,
32,Carbon tetrabromide,BrC(Br)(Br)Br,10.31,,C(Br)(Br)(Br)Br,,,
33,"Acetylene, bromo-",C#CBr,10.31,,C#CBr,,,
34,"Butane, 2-methyl-",CCC(C)C,10.32,,CCC(C)C,,,
35,Cyclopentane,C1CCCC1,10.33,,C1CCCC1,,,
36,"Ethane, 1,2-dibromo-",BrCCBr,10.35,,C(CBr)Br,,,
37,Propyne,C#CC,10.36,,CC#C,,,
38,"Ethene, fluoro-",C=CF,10.36,,C=CF,,,
39,"Methane, dibromo-",BrCBr,10.41,,C(Br)Br,,,
40,Propanoic acid,CCC(=O)O,10.44,,CCC(=O)O,,,
41,Ethanol,CCO,10.48,,CCO,,,
42,"Methane, tribromo-",BrC(Br)Br,10.5,,C(Br)(Br)Br,,,
43,"Formic acid, butyl ester",CCCCOC=O,10.52,,CCCCOC=O,,,
44,Butane,CCCC,10.53,,CCCC,,,
45,"Formic acid, propyl ester",CCCOC=O,10.54,,CCCOC=O,,,
46,"Methane, bromo-",CBr,10.541,,CBr,,,
47,Ethylene oxide,C1CO1,10.56,,C1CO1,,,
48,"Ethane, 1-bromo-2-chloro-",ClCCBr,10.57,,C(CBr)Cl,,,
49,"Butane, 2-chloro-",CCC(C)Cl,10.57,,CCC(C)Cl,,,
50,"Methane, dibromochloro-",ClC(Br)Br,10.59,,C(Cl)(Br)Br,,,
51,"Propene, hexafluoro-",FC(F)=C(F)C(F)(F)F,10.6,,C(=C(F)F)(C(F)(F)F)F,,,
52,"Ethyne, chloro-",C#CCl,10.6,,C#CCl,,,
53,Ethyl formate,CCOC=O,10.61,,CCOC=O,,,
54,"Butane, 1-chloro-",CCCCCl,10.64,,CCCCCl,,,
55,Acetic acid,CC(=O)O,10.65,,CC(=O)O,,,
56,Isobutane,CC(C)C,10.68,,CC(C)C,,,
57,"Propane, 1-chloro-2-methyl-",CC(C)CCl,10.73,,CC(C)CCl,,,
58,"Propane, 2-nitro-",CC(C)[N+](=O)[O-],10.74,,CC(C)[N+](=O)[O-],,,
59,"Methane, bromochloro-",ClCBr,10.77,,C(Cl)Br,,,
60,"Propane, 1-nitro-",CCC[N+](=O)[O-],10.78,,CCC[N+](=O)[O-],,,
61,"Propane, 2-chloro-",CC(C)Cl,10.78,,CC(C)Cl,,,
62,"Propane, 1,2-dichloro-",CC(Cl)CCl,10.8,,CC(CCl)Cl,,,
63,n-Propyl chloride,CCCCl,10.8,,CCCCl,,,
64,Acetyl chloride,CC(=O)Cl,10.82,,CC(=O)Cl,,,
65,"Silane, chlorotrimethyl-",C[Si](C)(C)Cl,10.83,,C[Si](C)(C)Cl,,,
66,Methyl Alcohol,CO,10.84,,CO,,,
67,Formaldehyde,C=O,10.88,,C=O,,,
68,"Propane, 1,3-dichloro-",ClCCCCl,10.89,,C(CCl)CCl,,,
69,Nitrosyl chloride,O=NCl,10.9,,N(=O)Cl,,,
70,"Ethane, nitro-",CC[N+](=O)[O-],10.9,,CC[N+](=O)[O-],,,
71,2-Propenenitrile,C=CC#N,10.91,,C=CC#N,,,
72,Dichlorine monoxide,ClOCl,10.91,,O(Cl)Cl,,,
73,Propane,CCC,10.94,,CCC,,,
74,Ethyl Chloride,CCCl,10.98,,CCCl,,,
75,"Methane, dibromodifluoro-",FC(F)(Br)Br,11.03,,C(F)(F)(Br)Br,,,
76,"Ethane, 1,1-dichloro-",CC(Cl)Cl,11.04,,CC(Cl)Cl,,,
77,"Ethane, 1,2-dichloro-",ClCCCl,11.07,,C(CCl)Cl,,,
78,Chloromethane,CCl,11.26,,CCl,,,
79,Formic acid,O=CO,11.33,,C(=O)O,,,
80,Methylene chloride,ClCCl,11.33,,C(Cl)Cl,,,
81,Acetylene,C#C,11.4,,C#C,,,
82,Thiazyl fluoride,Fc1nccs1,11.51,,N#SF,,,
83,Ethane,CC,11.52,,CC,,,
84,"2-Propanone, 1,1,1,3,3,3-hexafluoro-",O=C(C(F)(F)F)C(F)(F)F,11.57,,C(=O)(C(F)(F)F)C(F)(F)F,,,
85,Isocyanic acid,N=C=O,11.595,,C(=N)=O,,,
86,Trichloromonofluoromethane,FC(Cl)(Cl)Cl,11.68,,C(F)(Cl)(Cl)Cl,,,
87,"Ethane, 1,1-difluoro-",CC(F)F,11.865,,CC(F)F,,,
88,Acetonitrile,CC#N,12.2,,CC#N,,,
89,Difluorochloromethane,FC(F)Cl,12.28,,C(F)(F)Cl,,,
90,Cyanogen chloride,N#CCl,12.36,,C(#N)Cl,,,
91,Methyl fluoride,CF,12.5,,CF,,,
92,Chlorotrifluoromethane,FC(F)(F)Cl,12.6,,C(F)(F)(F)Cl,,,
93,Methane,C,12.61,,C,,,
94,Propanedinitrile,N#CCC#N,12.8,,C(C#N)C#N,,,
95,Carbonic difluoride,O=C(F)F,13.04,,C(=O)(F)F,,,
96,Hydrogen cyanide,C#N,13.6,,C#N,,,
97,Carbon dioxide,O=C=O,13.777,,C(=O)=O,,,
98,"Acetonitrile, trifluoro-",N#CC(F)(F)F,13.93,,C(#N)C(F)(F)F,,,
99,Carbon monoxide,[C-]#[O+],14.014,,[C-]#[O+],,,
100,"1,4-Benzenediamine",Nc1ccc(N)cc1,6.87,,C1=CC(=CC=C1N)N,,,
101,"Benzenamine, N,N,4-trimethyl-",Cc1ccc(N(C)C)cc1,6.93,,CC1=CC=C(C=C1)N(C)C,,,
102,o-Toluidine,Cc1ccccc1N,7.47,,CC1=CC=CC=C1N,,,
103,"Indole, 3-methyl-",Cc1c[nH]c2ccccc12,7.514,,CC1=CNC2=CC=CC=C12,,,
104,"Benzenamine, 3-methyl-",Cc1cccc(N)c1,7.54,,CC1=CC(=CC=C1)N,,,
105,"Benzene, 1,4-dimethoxy-",COc1ccc(OC)cc1,7.56,,COC1=CC=C(C=C1)OC,,,
106,"1,2-Ethanediamine, N,N,N',N'-tetramethyl-",CN(C)CCN(C)C,7.59,,CN(C)CCN(C)C,,,
107,Dibenzo-p-dioxin,c1ccc2c(c1)Oc1ccccc1O2,7.598,,C1=CC=C2C(=C1)OC3=CC=CC=C3O2,,,
108,"1H-Indole, 2-methyl-",Cc1cc2ccccc2[nH]1,7.671,,CC1=CC2=CC=CC=C2N1,,,
109,"Benzenemethanamine, N,N-dimethyl-",CN(C)Cc1ccccc1,7.69,,CN(C)CC1=CC=CC=C1,,,
110,"Hydrazine, methyl-",CNN,7.7,,CNN,,,
111,"1H-Indole, 7-methyl-",Cc1cccc2cc[nH]c12,7.714,,CC1=C2C(=CC=C1)C=CN2,,,
112,"Methanediamine, N,N,N',N'-tetramethyl-",CN(C)CN(C)C,7.74,,CN(C)CN(C)C,,,
113,Acenaphthene,c1cc2c3c(cccc3c1)CC2,7.75,,C1CC2=CC=CC3=C2C1=CC=C3,,,
114,1-Naphthalenol,Oc1cccc2ccccc12,7.76,,C1=CC=C2C(=C1)C=CC=C2O,,,
115,p-Terphenyl,c1ccc(-c2ccc(-c3ccccc3)cc2)cc1,7.8,,C1=CC=C(C=C1)C2=CC=C(C=C2)C3=CC=CC=C3,,,
116,Diphenyl sulfide,c1ccc(Sc2ccccc2)cc1,7.85,,C1=CC=C(C=C1)SC2=CC=CC=C2,,,
117,"Methylamine, N,N-dimethyl-",CN(C)C,7.85,,CN(C)C,,,
118,"Benzene, hexamethyl-",Cc1c(C)c(C)c(C)c(C)c1C,7.85,,CC1=C(C(=C(C(=C1C)C)C)C)C,,,
119,2-Naphthalenol,Oc1ccc2ccccc2c1,7.87,,C1=CC=C2C=C(C=CC2=C1)O,,,
120,"Benzene, 1-methoxy-4-methyl-",COc1ccc(C)cc1,7.9,,CC1=CC=C(C=C1)OC,,,
121,2-Methylpiperidine,CC1CCCCN1,7.9,,CC1CCCCN1,,,
122,Fluoranthene,c1ccc2c(c1)-c1cccc3cccc-2c13,7.9,,C1=CC=C2C(=C1)C3=CC=CC4=C3C2=CC=C4,,,
123,Fluorene,c1ccc2c(c1)Cc1ccccc1-2,7.91,,C1C2=CC=CC=C2C3=CC=CC=C31,,,
124,"Naphthalene, 2-methyl-",Cc1ccc2ccccc2c1,7.91,,CC1=CC2=CC=CC=C2C=C1,,,
125,"Benzene, (methylthio)-",CSc1ccccc1,7.94,,CSC1=CC=CC=C1,,,
126,"N,N-Diethylaniline",CCN(CC)c1ccccc1,6.98,,CCN(CC)C1=CC=CC=C1,,,
127,2-Naphthalenamine,Nc1ccc2ccccc2c1,7.1,,C1=CC=C2C=C(C=CC2=C1)N,,,
128,"Benzenamine, N,N-dimethyl-",CN(C)c1ccccc1,7.12,,CN(C)C1=CC=CC=C1,,,
129,"Hydrazine, 1,1-dimethyl-",CN(C)N,7.29,,CN(C)N,,,
130,"Benzaldehyde, 4-(dimethylamino)-",CN(C)c1ccc(C=O)cc1,7.3,,CN(C)C1=CC=C(C=C1)C=O,,,
131,"Aniline, N-methyl-",CNc1ccccc1,7.32,,CNC1=CC=CC=C1,,,
132,Triethylenediamine,C1CN2CCN1CC2,7.321,,C1CN2CCN1CC2,,,
133,"2,6-Xylidine",Cc1cccc(C)c1N,7.33,,CC1=C(C(=CC=C1)C)N,,,
134,"Disulfide, dimethyl",CSSC,7.4,,CSSC,,,
135,"Benzenamine, N,N,2-trimethyl-",Cc1ccccc1N(C)C,7.42,,CC1=CC=CC=C1N(C)C,,,
136,"Naphthalene, 1-methyl-",Cc1cccc2ccccc12,7.96,,CC1=CC=CC2=CC=CC=C12,,,
137,o-Terphenyl,c1ccc(-c2ccccc2-c2ccccc2)cc1,7.99,,C1=CC=C(C=C1)C2=CC=CC=C2C3=CC=CC=C3,,,
138,m-Terphenyl,c1ccc(-c2cccc(-c3ccccc3)c2)cc1,8.02,,C1=CC=C(C=C1)C2=CC(=CC=C2)C3=CC=CC=C3,,,
139,"Benzene, 1,2,4,5-tetramethyl-",Cc1cc(C)c(C)cc1C,8.06,,CC1=CC(=C(C=C1C)C)C,,,
140,"Naphthalene, 1-bromo-",Brc1cccc2ccccc12,8.08,,C1=CC=C2C(=C1)C=CC=C2Br,,,
141,Acenaphthylene,C1=Cc2cccc3cccc1c23,8.12,,C1=CC2=C3C(=C1)C=CC3=CC=C2,,,
142,"Benzene, 1-bromo-4-methoxy-",COc1ccc(Br)cc1,8.13,,COC1=CC=C(C=C1)Br,,,
143,Biphenyl,c1ccc(-c2ccccc2)cc1,8.16,,C1=CC=C(C=C1)C2=CC=CC=C2,,,
144,Benzo[b]thiophene,c1ccc2sccc2c1,8.17,,C1=CC=C2C(=C1)C=CS2,,,
145,Diisopropyl sulfide,CC(C)SC(C)C,8.2,,CC(C)SC(C)C,,,
146,Dimethylamine,CNC,8.24,,CNC,,,
147,"2-Butene, 2,3-dimethyl-",CC(C)=C(C)C,8.27,,CC(=C(C)C)C,,,
148,"Benzene, 1,2,4-trimethyl-",Cc1ccc(C)c(C)c1,8.27,,CC1=CC(=C(C=C1)C)C,,,
149,"Phenol, 3-methyl-",Cc1cccc(O)c1,8.29,,CC1=CC(=CC=C1)O,,,
150,Benzenethiol,Sc1ccccc1,8.3,,C1=CC=C(C=C1)S,,,
151,p-Cresol,Cc1ccc(O)cc1,8.34,,CC1=CC=C(C=C1)O,,,
152,"2H-Pyran, 3,4-dihydro-",C1=COCCC1,8.35,,C1CC=COC1,,,
153,Ethanethioamide,CC(=N)S,8.35,,CC(=S)N,,,
154,Benzofuran,c1ccc2occc2c1,8.36,,C1=CC=C2C(=C1)C=CO2,,,
155,"2,5-Norbornadiene",C1=CC2C=CC1C2,8.38,,C1C2C=CC1C=C2,,,
156,"Furan, 2-methyl-",Cc1ccco1,8.38,,CC1=CC=CO1,,,
157,"1,3-Cyclopentadiene, 1-methyl-",CC1=CC=CC1,8.4,,CC1=CC=CC1,,,
158,Diethyl sulfide,CCSCC,8.42,,CCSCC,,,
159,"Benzene, 1,2,3-trimethyl-",Cc1cccc(C)c1C,8.42,,CC1=C(C(=CC=C1)C)C,,,
160,2(1H)-Pyridinone,Oc1ccccn1,8.448,,C1=CC(=O)NC=C1,,,
161,"Naphthalene, 1,2,3,4-tetrahydro-",c1ccc2c(c1)CCCC2,8.46,,C1CCC2=CC=CC=C2C1,,,
162,Isoquinoline,c1ccc2cnccc2c1,8.53,,C1=CC=C2C=NC=CC2=C1,,,
163,"Benzene, 1,3-dimethyl-",Cc1cccc(C)c1,8.55,,CC1=CC(=CC=C1)C,,,
164,"Ethane, (methylthio)-",CCSC,8.55,,CCSC,,,
165,Cubane,C12C3C4C1C1C2C3C41,8.6,,C12C3C4C1C5C2C3C45,,,
166,"Benzene, 1-bromo-2-methyl-",Cc1ccccc1Br,8.56,,CC1=CC=CC=C1Br,,,
167,o-Xylene,Cc1ccccc1C,8.56,,CC1=CC=CC=C1C,,,
168,"1,3-Cyclopentadiene",C1=CCC=C1,8.57,,C1C=CC=C1,,,
169,"1,3-Pentadiene, (E)-",C=C/C=C/C,8.59,,C/C=C/C=C,,,
170,"1,3-Pentadiene, (Z)-",C=C/C=C\C,8.62,,C/C=C\C=C,,,
171,"Phenol, 3-chloro-",Oc1cccc(Cl)c1,8.655,,C1=CC(=CC(=C1)Cl)O,,,
172,"Benzene, 1-bromo-4-methyl-",Cc1ccc(Br)cc1,8.68,,CC1=CC=C(C=C1)Br,,,
173,"Benzene, (1-methylpropyl)-",CCC(C)c1ccccc1,8.68,,CCC(C)C1=CC=CC=C1,,,
174,"Benzene, tert-butyl-",CC(C)(C)c1ccccc1,8.68,,CC(C)(C)C1=CC=CC=C1,,,
175,"Benzene, n-butyl-",CCCCc1ccccc1,8.69,,CCCCC1=CC=CC=C1,,,
176,"Benzene, 1-chloro-4-methyl-",Cc1ccc(Cl)cc1,8.69,,CC1=CC=C(C=C1)Cl,,,
177,"2-Butene, 2-methyl-",CC=C(C)C,8.69,,CC=C(C)C,,,
178,Dimethyl sulfide,CSC,8.69,,CSC,,,
179,Bicyclo[1.1.0]butane,C1C2CC12,8.7,,C1C2C1C2,,,
180,"Benzene, propyl-",CCCc1ccccc1,8.713,,CCCC1=CC=CC=C1,,,
181,"Benzene, iodo-",Ic1ccccc1,8.72,,C1=CC=C(C=C1)I,,,
182,"Benzene, 1-chloro-2-methyl-",Cc1ccccc1Cl,8.72,,CC1=CC=CC=C1Cl,,,
183,1-Butanamine,CCCCN,8.73,,CCCCN,,,
184,"Benzene, (1-methylethyl)-",CC(C)c1ccccc1,8.73,,CC(C)C1=CC=CC=C1,,,
185,Pyridazine,c1ccnnc1,8.74,,C1=CC=NN=C1,,,
186,"Thiophene, 2-chloro-",Clc1cccs1,8.74,,C1=CSC(=C1)Cl,,,
187,"Benzene, isocyanato-",O=C=Nc1ccccc1,8.77,,C1=CC=C(C=C1)N=C=O,,,
188,"Benzene, 1-fluoro-4-methyl-",Cc1ccc(F)cc1,8.79,,CC1=CC=C(C=C1)F,,,
189,"Benzoic acid, phenyl ester",O=C(Oc1ccccc1)c1ccccc1,8.8,,C1=CC=C(C=C1)C(=O)OC2=CC=CC=C2,,,
190,1H-Imidazole,c1c[nH]cn1,8.81,,C1=CN=CN1,,,
191,"Benzene, 1,4-dibromo-",Brc1ccc(Br)cc1,8.82,,C1=CC(=CC=C1Br)Br,,,
192,Anthrone,O=C1c2ccccc2Cc2ccccc21,8.82,,C1C2=CC=CC=C2C(=O)C3=CC=CC=C31,,,
193,Acetylacetone,CC(=O)CC(C)=O,8.85,,CC(=O)CC(=O)C,,,
194,"2,6-Lutidine",Cc1cccc(C)n1,8.86,,CC1=NC(=CC=C1)C,,,
195,Isoprene,C=CC(=C)C,8.86,,CC(=C)C=C,,,
196,Perfluoronaphthalene,Fc1c(F)c(F)c2c(F)c(F)c(F)c(F)c2c1F,8.87,,C12=C(C(=C(C(=C1F)F)F)F)C(=C(C(=C2F)F)F)F,,,
197,Di-tert-Butyl ether,CC(C)(C)OC(C)(C)C,8.88,,CC(C)(C)OC(C)(C)C,,,
198,"Stannane, tetramethyl-",[CH3].[CH3].[CH3].[CH3].[Sn],8.89,,C[Sn](C)(C)C,,,
199,Methylamine,CN,8.9,,CN,,,
200,"Benzene, 1-fluoro-3-methyl-",Cc1cccc(F)c1,8.91,,CC1=CC(=CC=C1)F,,,
201,"Benzene, 1-fluoro-2-methyl-",Cc1ccccc1F,8.91,,CC1=CC=CC=C1F,,,
202,"Benzene, 1,4-dichloro-",Clc1ccc(Cl)cc1,8.92,,C1=CC(=CC=C1Cl)Cl,,,
203,"Ethene, methoxy-",C=COC,8.95,,COC=C,,,
204,"3-Pentanone, 2,4-dimethyl-",CC(C)C(=O)C(C)C,8.96,,CC(C)C(=O)C(C)C,,,
205,"2-Hexene, (E)-",C/C=C/CCC,8.97,,CCC/C=C/C,,,
206,"2-Pentene, 4-methyl-, (E)-",C/C=C/C(C)C,8.97,,C/C=C/C(C)C,,,
207,"2-Hexene, (Z)-",C/C=C\CCC,8.97,,CCC/C=C\C,,,
208,tert-Butyl iodide,CC(C)(C)I,8.98,,CC(C)(C)I,,,
209,"2-Pentene, 4-methyl-, (Z)-",C/C=C\C(C)C,8.98,,C/C=C\C(C)C,,,
210,"Benzene, (bromomethyl)-",BrCc1ccccc1,8.99,,C1=CC=C(C=C1)CBr,,,
211,"Methane, diazo-",C=[N+]=[N-],8.999,,C=[N+]=[N-],,,
212,"Benzene, bromo-",Brc1ccccc1,9.0,,C1=CC=C(C=C1)Br,,,
213,1-Penten-3-yne,C=CC#CC,9.0,,CC#CC=C,,,
214,"Benzene, 1,3-dibromo-",Brc1cccc(Br)c1,9.01,,C1=CC(=CC(=C1)Br)Br,,,
215,"4-Heptanone, 2,6-dimethyl-",CC(C)CC(=O)CC(C)C,9.01,,CC(C)CC(=O)CC(C)C,,,
216,"2-Pentene, (Z)-",C/C=C\CC,9.01,,CC/C=C\C,,,
217,"2-Pentene, (E)-",C/C=C/CC,9.04,,CC/C=C/C,,,
218,"Pentane, 3-methylene-",C=C(CC)CC,9.06,,CCC(=C)CC,,,
219,"Benzene, 1,2-dichloro-",Clc1ccccc1Cl,9.06,,C1=CC=C(C(=C1)Cl)Cl,,,
220,"Benzene, chloro-",Clc1ccccc1,9.07,,C1=CC=C(C=C1)Cl,,,
221,"1-Butene, 2,3-dimethyl-",C=C(C)C(C)C,9.07,,CC(C)C(=C)C,,,
222,"1,3-Butadiene",C=CC=C,9.072,,C=CC=C,,,
223,"1-Pentene, 2-methyl-",C=C(C)CCC,9.08,,CCCC(=C)C,,,
224,4-Heptanone,CCCC(=O)CCC,9.1,,CCCC(=O)CCC,,,
225,"3-Penten-2-one, 4-methyl-",CC(=O)C=C(C)C,9.1,,CC(=CC(=O)C)C,,,
226,"Butane, 2-iodo-",CCC(C)I,9.1,,CCC(C)I,,,
227,"Benzene, 1,3-dichloro-",Clc1cccc(Cl)c1,9.1,,C1=CC(=CC(=C1)Cl)Cl,,,
228,"3-Pentanone, 2-methyl-",CCC(=O)C(C)C,9.1,,CCC(=O)C(C)C,,,
229,"2-Butene, (E)-",C/C=C/C,9.1,,C/C=C/C,,,
230,Fluoromethylidyne,[C-]=[F+],9.11,,CF,,,
231,"2-Butene, (Z)-",C/C=C\C,9.11,,C/C=C\C,,,
232,2-Methyl-1-butene,C=C(C)CC,9.12,,CCC(=C)C,,,
233,1-Butanethiol,CCCCS,9.14,,CCCCS,,,
234,"2-Butanone, 3,3-dimethyl-",CC(=O)C(C)(C)C,9.14,,CC(=O)C(C)(C)C,,,
235,3-Heptanone,CCCCC(=O)CC,9.15,,CCCCC(=O)CC,,,
236,"Benzene, 1,4-difluoro-",Fc1ccc(F)cc1,9.1589,,C1=CC(=CC=C1F)F,,,
237,"Propane, 1-iodo-2-methyl-",CC(C)CI,9.18,,CC(C)CI,,,
238,"Propane, 2-iodo-",CC(C)I,9.19,,CC(C)I,,,
239,Propyl mercaptan,CCCS,9.2,,CCCS,,,
240,Diisopropyl ether,CC(C)OC(C)C,9.2,,CC(C)OC(C)C,,,
241,4-Octyne,CCCC#CCCC,9.2,,CCCC#CCCC,,,
242,"Benzene, fluoro-",Fc1ccccc1,9.2,,C1=CC=C(C=C1)F,,,
243,"Pentane, 1-iodo-",CCCCCI,9.2,,CCCCCI,,,
244,"2-Pentanone, 3-methyl-",CCC(C)C(C)=O,9.21,,CCC(C)C(=O)C,,,
245,"1-Propene, 2-methyl-",C=C(C)C,9.22,,CC(=C)C,,,
246,3-Octyne,CCC#CCCCC,9.22,,CCCCC#CCC,,,
247,Furfural,O=Cc1ccco1,9.22,,C1=COC(=C1)C=O,,,
248,"Butane, 1-iodo-",CCCCI,9.23,,CCCCI,,,
249,"Methane, triiodo-",IC(I)I,9.23,,C(I)(I)I,,,
250,Tetrahydropyran,C1CCOCC1,9.25,,C1CCOCC1,,,
251,"1-Buten-3-yne, 2-methyl-",C#CC(=C)C,9.25,,CC(=C)C#C,,,
252,"Propane, 1-iodo-",CCCI,9.26,,CCCI,,,
253,Cyclopentanone,O=C1CCCC1,9.26,,C1CCC(=O)C1,,,
254,2-Heptanone,CCCCCC(C)=O,9.27,,CCCCCC(=O)C,,,
255,"1,5-Hexadiene",C=CCCC=C,9.27,,C=CCCC=C,,,
256,"Benzene, 1,2-difluoro-",Fc1ccccc1F,9.29,,C1=CC=C(C(=C1)F)F,,,
257,Methyl Isobutyl Ketone,CC(=O)CC(C)C,9.3,,CC(C)CC(=O)C,,,
258,"Benzene, 1,3,5-trichloro-",Clc1cc(Cl)cc(Cl)c1,9.3,,C1=C(C=C(C=C1Cl)Cl)Cl,,,
259,Di-n-propyl ether,CCCOCCC,9.3,,CCCOCCC,,,
260,2-Octyne,CC#CCCCCC,9.31,,CCCCCC#CC,,,
261,"2-Butanone, 3-methyl-",CC(=O)C(C)C,9.31,,CC(C)C(=O)C,,,
262,Ethanethiol,CCS,9.31,,CCS,,,
263,3-Pentanone,CCC(=O)CC,9.31,,CCC(=O)CC,,,
264,"Naphthalene, decahydro-, cis-",C1CC[C@H]2CCCC[C@H]2C1,9.32,,C1CCC2CCCCC2C1,,,
265,"Naphthalene, decahydro-, trans-",C1CC[C@H]2CCCC[C@@H]2C1,9.32,,C1CCC2CCCCC2C1,,,
266,"Benzoic acid, methyl ester",COC(=O)c1ccccc1,9.32,,COC(=O)C1=CC=CC=C1,,,
267,"1,3-Diazine",c1cncnc1,9.33,,C1=CN=CN=C1,,,
268,"Benzene, 1,2,4,5-tetrafluoro-",Fc1cc(F)c(F)cc1F,9.33,,C1=C(C(=CC(=C1F)F)F)F,,,
269,"Benzene, 1,3-difluoro-",Fc1cccc(F)c1,9.33,,C1=CC(=CC(=C1)F)F,,,
270,1-Heptene,C=CCCCCC,9.34,,CCCCCC=C,,,
271,"Ethane, iodo-",CCI,9.349,,CCI,,,
272,2-Hexanone,CCCCC(C)=O,9.35,,CCCCC(=O)C,,,
273,2-Hexyne,CC#CCCC,9.37,,CCCC#CC,,,
274,2-Pentanone,CCCC(C)=O,9.38,,CCCC(=O)C,,,
275,Benzyl nitrile,N#CCc1ccccc1,9.39,,C1=CC=C(C=C1)CC#N,,,
276,Tetrahydrofuran,C1CCOC1,9.4,,C1CCOC1,,,
277,1-Decene,C=CCCCCCCCC,9.42,,CCCCCCCCC=C,,,
278,Cyclobutene,C1=CCC1,9.43,,C1CC=C1,,,
279,Methanethiol,CS,9.439,,CS,,,
280,1-Hexene,C=CCCCC,9.44,,CCCCC=C,,,
281,"Propane, 2-methoxy-",COC(C)C,9.45,,CC(C)OC,,,
282,"1-Pentene, 4-methyl-",C=CCC(C)C,9.45,,CC(C)CC=C,,,
283,"Methane, diiodo-",ICI,9.46,,C(I)I,,,
284,Bicyclo[2.2.2]octane,C1CC2CCC1CC2,9.47,,C1CC2CCC1CC2,,,
285,Ethyl ether,CCOCC,9.51,,CCOCC,,,
286,"Propanal, 2,2-dimethyl-",CC(C)(C)C=O,9.51,,CC(C)(C)C=O,,,
287,"1-Butene, 3-methyl-",C=CC(C)C,9.52,,CC(C)C=C,,,
288,2-Butanone,CCC(C)=O,9.52,,CCC(=O)C,,,
289,"Benzene, 1,2,3,5-tetrafluoro-",Fc1cc(F)c(F)c(F)c1,9.55,,C1=C(C=C(C(=C1F)F)F)F,,,
290,"Benzene, 1,2,3,4-tetrafluoro-",Fc1ccc(F)c(F)c1F,9.57,,C1=CC(=C(C(=C1F)F)F)F,,,
291,2-Butyne,CC#CC,9.58,,CC#CC,,,
292,1-Buten-3-yne,C#CC=C,9.58,,C=CC#C,,,
293,Ketene,C=C=O,9.617,,C=C=O,,,
294,"Cyclohexane, methyl-",CC1CCCCC1,9.64,,CC1CCCCC1,,,
295,"Ethylene, 1,2-dichloro-, (E)-",Cl/C=C/Cl,9.64,,C(=C/Cl)\Cl,,,
296,Trimethylene oxide,C1COC1,9.65,,C1COC1,,,
297,Methyl vinyl ketone,C=CC(C)=O,9.65,,CC(=O)C=C,,,
298,"Ethene, 1,1-dichloro-2,2-difluoro-",FC(F)=C(Cl)Cl,9.65,,C(=C(Cl)Cl)(F)F,,,
299,"Ethylene, 1,2-dichloro-, (Z)-",Cl/C=C\Cl,9.66,,C(=C\Cl)\Cl,,,
300,2-Propen-1-ol,C=CCO,9.67,,C=CCO,,,
301,Cyclopropene,C1=CC1,9.67,,C1C=C1,,,
302,"Benzene, (trifluoromethyl)-",FC(F)(F)c1ccccc1,9.685,,C1=CC=C(C=C1)C(F)(F)F,,,
303,Acetamide,CC(=N)O,9.69,,CC(=O)N,,,
304,Allene,C=C=C,9.692,,C=C=C,,,
305,"Cyclopentane, methyl-",CC1CCCC1,9.7,,CC1CCCC1,,,
306,Acetone,CC(C)=O,9.703,,CC(=O)C,,,
307,Nonane,CCCCCCCCC,9.71,,CCCCCCCCC,,,
308,"Propanal, 2-methyl-",CC(C)C=O,9.71,,CC(C)C=O,,,
309,"Ethane, methoxy-",CCOC,9.72,,CCOC,,,
310,Hexanal,CCCCCC=O,9.72,,CCCCCC=O,,,
311,Pentanal,CCCCC=O,9.74,,CCCCC=O,,,
312,Cyclooctane,C1CCCCCCC1,9.75,,C1CCCCCCC1,,,
313,3-Pentanol,CCC(O)CC,9.76,,CCC(CC)O,,,
314,Norbornane,C1CC2CCC1C2,9.77,,C1CC2CCC1C2,,,
315,2-Pentanol,CCCC(C)O,9.78,,CCCC(C)O,,,
316,Octane,CCCCCCCC,9.8,,CCCCCCCC,,,
317,"Ethene, 2-chloro-1,1-difluoro-",FC(F)=CCl,9.8,,C(=C(F)F)Cl,,,
318,"Silane, tetramethyl-",C[Si](C)(C)C,9.8,,C[Si](C)(C)C,,,
319,Methyl azide,CN=[N+]=[N-],9.81,,CN=[N+]=[N-],,,
320,"Ethene, 1,1-dichloro-",C=C(Cl)Cl,9.81,,C=C(Cl)Cl,,,
321,"Ethene, chlorotrifluoro-",FC(F)=C(F)Cl,9.81,,C(=C(F)Cl)(F)F,,,
322,Butanal,CCCC=O,9.82,,CCCC=O,,,
323,Vinyl bromide,C=CBr,9.82,,C=CBr,,,
324,"Formamide, N-methyl-",CN=CO,9.83,,CNC=O,,,
325,"Heptane, 2-methyl-",CCCCCC(C)C,9.84,,CCCCCC(C)C,,,
326,Cyclopropane,C1CC1,9.86,,C1CC1,,,
327,"Cyclohexane, bromo-",BrC1CCCCC1,9.87,,C1CCC(CC1)Br,,,
328,Cyclohexane,C1CCCCC1,9.88,,C1CCCCC1,,,
329,2-Butanol,CCC(C)O,9.88,,CCC(C)O,,,
330,"Pentane, 2,2,4-trimethyl-",CC(C)CC(C)(C)C,9.89,,CC(C)CC(C)(C)C,,,
331,"2-Butenoic acid, (E)-",C/C=C/C(=O)O,9.9,,C/C=C/C(=O)O,,,
332,Cycloheptane,C1CCCCCC1,9.9,,C1CCCCCC1,,,
333,"2-Propanol, 2-methyl-",CC(C)(C)O,9.9,,CC(C)(C)O,,,
334,"Propane, 2-bromo-2-methyl-",CC(C)(C)Br,9.92,,CC(C)(C)Br,,,
335,"2-Propanone, 1-chloro-",CC(=O)CCl,9.92,,CC(=O)CCl,,,
336,Heptane,CCCCCCC,9.93,,CCCCCCC,,,
337,"Bicyclo[4.2.0]octa-1,3,5,7-tetraene",C1=Cc2ccccc21,,0.321,,,,
338,2-Butyl radical,C[CH]CC,,-0.129,,,,
339,"1,3,5,7-Cyclooctatetraene",C1=C/C=C\C=C/C=C1,,0.57,,,,
340,"Benzene, pentachloro-",Clc1cc(Cl)c(Cl)c(Cl)c1Cl,,0.729,,,,
341,m-Xylene,CC1=CC(=CC=C1)C,,,,1.8400000000000003,oxidation,ACN
342,Phenylacetylene,C#CC1=CC=CC=C1,,,,1.89,oxidation,ACN
343,1-ethynyl-4-methoxybenzene,COC1=CC=C(C=C1)C#C,,,,1.27,oxidation,ACN
344,2-Methyl-1-pentene,CCCC(=C)C,,,,2.12,oxidation,ACN
345,Norbornene,C1CC2CC1C=C2,,,,1.8400000000000003,oxidation,ACN
346,3-Methyl-2-buten-1-ol,CC(=CCO)C,,,,1.7200000000000002,oxidation,ACN
347,2-Methyl-2-butene,CC=C(C)C,,,,1.6,oxidation,ACN
348,2-Chloro-trans-Î²-methylstyrene,C=CC1=CC=CC=C1,,,,1.56,oxidation,ACN
349,1-Methylcyclohexene,CC1=CCCCC1,,,,1.56,oxidation,ACN
350,beta-Methylstyrene,C/C=C/C1=CC=CC=C1,,,,1.5299999999999998,oxidation,ACN
351,(E)-Methyl 4-(prop-1-en-1-yl)benzoate,C/C=C/C1=CC=C(C=C1)C(=O)OC,,,,1.56,oxidation,ACN
352,1-Phenylcyclohexene,C1CCC(=CC1)C2=CC=CC=C2,,,,1.2599999999999998,oxidation,ACN
353,trans-Anethole,C/C=C/C1=CC=C(C=C1)OC,,,,0.86,oxidation,ACN
354,4-Cyanophenol,C1=CC(=CC=C1C#N)O,,,,1.7000000000000002,oxidation,ACN
355,Isosafrole,C/C=C/C1=CC2=C(C=C1)OCO2,,,,0.7699999999999999,oxidation,ACN
356,4-Bromophenol,C1=CC(=CC=C1O)Br,,,,1.31,oxidation,ACN
357,Guaiacol,COC1=CC=CC=C1O,,,,1.0299999999999998,oxidation,ACN
358,2-Naphthol,C1=CC=C2C=C(C=CC2=C1)O,,,,1.02,oxidation,ACN
359,4-Methoxyphenol,COC1=CC=C(C=C1)O,,,,0.7899999999999999,oxidation,ACN
360,Diphenyl ether,C1=CC=C(C=C1)OC2=CC=CC=C2,,,,1.5,oxidation,ACN
361,m-Dimethoxybenzene,COC1=CC(=CC=C1)OC,,,,1.12,oxidation,ACN
362,o-Dimethoxybenzene,COC1=CC=CC=C1OC,,,,1.0499999999999998,oxidation,ACN
363,2-Methoxynaphthalene,COC1=CC2=CC=CC=C2C=C1,,,,0.94,oxidation,ACN
364,p-Dimethoxybenzene,COC1=CC=C(C=C1)OC,,,,0.92,oxidation,ACN
365,Diisopropylamine,CC(C)NC(C)C,,,,0.7100000000000001,oxidation,ACN
366,Pyrrolidine,C1CCNC1,,,,0.51,oxidation,ACN
367,N-Phenylmorpholine,C1COCCN1C2=CC=CC=C2,,,,0.5,oxidation,ACN
368,m-Anisidine,COC1=CC=CC(=C1)N,,,,0.48,oxidation,ACN
369,p-Toluidine,CC1=CC=C(C=C1)N,,,,0.43,oxidation,ACN
370,1-Morpholinocyclohexene,C1CCC(=CC1)N2CCOCC2,,,,0.16,oxidation,ACN
371,o-Phenylenediamine,C1=CC=C(C(=C1)N)N,,,,0.0999999999999999,oxidation,ACN
372,1-Cyclohex-1-enylpyrrolidine,C1CCC(=CC1)N2CCCC2,,,,-0.06,reduction,ACN
373,p-Nitrophenyl disulfide,C1=CC(=CC=C1[N+](=O)[O-])SSC2=CC=C(C=C2)[N+](=O)[O-],,,,1.64,oxidation,ACN
374,Phenyl disulfide,C1=CC=C(C=C1)SSC2=CC=CC=C2,,,,1.1800000000000002,oxidation,ACN
375,Thiphenol,C1=CC=C(C=C1)S,,,,1.13,oxidation,ACN
376,p-Tolyl disulfide,CC1=CC=C(C=C1)SSC2=CC=C(C=C2)C,,,,1.08,oxidation,ACN
377,Thioanisole,CSC1=CC=CC=C1,,,,1.06,oxidation,ACN
378,2-Naphthalenethiol,C1=CC=C2C=C(C=CC2=C1)S,,,,0.95,oxidation,ACN
379,p-Methoxyphenyl disulfide,COC1=CC=C(C=C1)SSC2=CC=C(C=C2)OC,,,,0.9,oxidation,ACN
380,4-Methoxythiophenol,COC1=CC=C(C=C1)S,,,,0.7699999999999999,oxidation,ACN
381,Pyrazole,C1=CNN=C1,,,,1.83,oxidation,ACN
382,Furfuryl alcohol,C1=COC(=C1)CO,,,,1.35,oxidation,ACN
383,Thianaphthene,C1=CC=C2C(=C1)C=CS2,,,,1.2400000000000002,oxidation,ACN
384,Imidazole,C1=CN=CN1,,,,0.7699999999999999,oxidation,ACN
385,2-Mercaptobenzoxazole,C1=CC=C2C(=C1)NC(=S)O2,,,,0.6900000000000001,oxidation,ACN
386,N-Methylpyrrole,CN1C=CC=C1,,,,0.66,oxidation,ACN
387,5-Methoxyindole,COC1=CC2=C(C=C1)NC=C2,,,,0.66,oxidation,ACN
388,2-Mercaptobenzothiazole,C1=CC=C2C(=C1)NC(=S)S2,,,,0.65,oxidation,ACN
389,4-Methoxyindole,COC1=CC=CC2=C1C=CN2,,,,0.59,oxidation,ACN
390,2-Aminothiazole,C1=CSC(=N1)N,,,,0.57,oxidation,ACN
391,6-Methoxyindole,COC1=CC2=C(C=C1)C=CN2,,,,0.54,oxidation,ACN
392,2-Mercaptobenzimidazole,C1=CC=C2C(=C1)NC(=S)N2,,,,0.43,oxidation,ACN
393,Chlorobenzene,C1=CC=C(C=C1)Cl,,,,2.23,oxidation,ACN
394,Bromobenzene,C1=CC=C(C=C1)Br,,,,2.12,oxidation,ACN
395,Iodobenzene,C1=CC=C(C=C1)I,,,,1.79,oxidation,ACN
396,1-Fluoro-4-nitrobenzene,C1=CC(=CC=C1[N+](=O)[O-])F,,,,-1.61,reduction,ACN
397,Diiodomethane,C(I)I,,,,-2.2,reduction,ACN
398,Carbon tetrachloride,C(Cl)(Cl)(Cl)Cl,,,,-2.86,reduction,ACN
399,Dibromomethane,C(Br)Br,,,,-2.86,reduction,ACN
400,Ethyl 2-bromoacetate,CCOC(=O)CBr,,,,-1.46,reduction,ACN
401,Diethyl 2-bromomalonate,CCOC(=O)C(C(=O)OCC)Br,,,,-1.0,reduction,ACN
402,p-Anisaldehyde,COC1=CC=C(C=C1)C=O,,,,1.6800000000000002,oxidation,ACN
403,p-Hydroxybenzaldehyde,C1=CC(=CC=C1C=O)O,,,,1.5699999999999998,oxidation,ACN
404,p-Nitrobenzaldehyde,C1=CC(=CC=C1C=O)[N+](=O)[O-],,,,-1.24,reduction,ACN
405,p-Cyanobenzaldehyde,C1=CC(=CC=C1C=O)C#N,,,,-1.7999999999999998,reduction,ACN
406,p-Trifluoromethylbenzaldehyde,C1=CC(=CC=C1C=O)C(F)(F)F,,,,-2.04,reduction,ACN
407,Biphenyl-4-carboxaldehyde,C1=CC=C(C=C1)C2=CC=C(C=C2)C=O,,,,-2.1,reduction,ACN
408,2-Naphthaldehyde,C1=CC=C2C=C(C=CC2=C1)C=O,,,,-2.11,reduction,ACN
409,p-Chlorobenzaldehyde,C1=CC(=CC=C1C=O)Cl,,,,-2.23,reduction,ACN
410,o-Tolualdehyde,CC1=CC=CC=C1C=O,,,,-2.32,reduction,ACN
411,3-Methylbutyraldehyde,CC(C)CC=O,,,,-2.62,reduction,ACN
412,Cyclohexanecarboxaldehyde,C1CCC(CC1)C=O,,,,-2.66,reduction,ACN
413,Benzaldoxime,C1=CC=C(C=C1)/C=N\O,,,,1.48,oxidation,ACN
414,p-Dicyanobenzene,C1=CC(=CC=C1C#N)C#N,,,,-2.02,reduction,ACN
415,o-Dicyanobenzene,C1=CC=C(C(=C1)C#N)C#N,,,,-2.08,reduction,ACN
416,m-Dicyanobenzene,C1=CC(=CC(=C1)C#N)C#N,,,,-2.28,reduction,ACN
417,Methyl 4-cyanobenzoate,COC(=O)C1=CC=C(C=C1)C#N,,,,-2.1,reduction,ACN
418,Methyl benzoate,COC(=O)C1=CC=CC=C1,,,,-2.72,reduction,ACN
419,Benzoic acid,C1=CC=C(C=C1)C(=O)O,,,,-2.67,reduction,ACN
420,2-Nitrobenzenesulfonyl chloride,C1=CC=C(C(=C1)[N+](=O)[O-])S(=O)(=O)Cl,,,,-0.89,reduction,ACN
421,Benzoyl chloride,C1=CC=C(C=C1)C(=O)Cl,,,,-1.58,reduction,ACN
422,p-Toluenesulfonyl chloride,CC1=CC=C(C=C1)S(=O)(=O)Cl,,,,-1.75,reduction,ACN
423,2-Mesitylenesulfonyl chloride,CC1=CC(=C(C(=C1)C)S(=O)(=O)Cl)C,,,,-1.83,reduction,ACN
424,Trifluoroacetic anhydride,C(=O)(C(F)(F)F)OC(=O)C(F)(F)F,,,,-0.5800000000000001,reduction,ACN
425,Maleic anhydride,C1=CC(=O)OC1=O,,,,-1.36,reduction,ACN
426,Benzoic anhydride,C1=CC=C(C=C1)C(=O)OC(=O)C2=CC=CC=C2,,,,-1.39,reduction,ACN
427,Phthalic anhydride,C1=CC=C2C(=C1)C(=O)OC2=O,,,,-1.7200000000000002,reduction,ACN
428,Cyclohexyl methyl ketone,CC(=O)C1CCCCC1,,,,2.28,oxidation,ACN
429,4'-Nitroacetophenone,CC(=O)C1=CC=C(C=C1)[N+](=O)[O-],,,,-1.31,reduction,ACN
430,4'-Trifluoromethylacetophenone,CC(=O)C1=CC=C(C=C1)C(F)(F)F,,,,-2.12,reduction,ACN
431,4'-Iodoacetophenone,CC(=O)C1=CC=C(C=C1)I,,,,-2.23,reduction,ACN
432,4'-Bromoacetophenone,CC(=O)C1=CC=C(C=C1)Br,,,,-2.27,reduction,ACN
433,4'-Chloroacetophenone,CC(=O)C1=CC=C(C=C1)Cl,,,,-2.29,reduction,ACN
434,4-Acetylbiphenyl,CC(=O)C1=CC=C(C=C1)C2=CC=CC=C2,,,,-2.29,reduction,ACN
435,4'-Fluoroacetophenone,CC(=O)C1=CC=C(C=C1)F,,,,-2.51,reduction,ACN
436,4'-Methylacetophenone,CC1=CC=C(C=C1)C(=O)C,,,,-2.54,reduction,ACN
437,Triphenylsilane,C1=CC=C(C=C1)[Si](C2=CC=CC=C2)C3=CC=CC=C3,,,,2.04,oxidation,ACN
438,Chlorotriphenylsilane,C1=CC=C(C=C1)[Si](C2=CC=CC=C2)(C3=CC=CC=C3)Cl,,,,2.03,oxidation,ACN
439,Nitrobenzene,C1=CC=C(C=C1)[N+](=O)[O-],,,,-1.5699999999999998,reduction,ACN
440,N-Chlorosuccinimide,C1CC(=O)N(C1=O)Cl,,,,-0.65,reduction,ACN
441,"2,4-Dimethyl-1,3-pentadiene",CC(=CC(=C)C)C,,,,1.6,oxidation,ACN
442,(E)-1-Chloro-3-(prop-1-en-1-yl)benzene,C/C=C/C1=CC(=CC=C1)Cl,,,,1.5099999999999998,oxidation,ACN
443,(E)-1-Bromo-3-(prop-1-en-1-yl)benzene,C/C=C/C1=CC(=CC=C1)Br,,,,1.54,oxidation,ACN
444,1-Methylcyclopentene,CC1=CCCC1,,,,1.37,oxidation,ACN
445,1-bromo-4-[(E)-prop-1-enyl]benzene,C/C=C/C1=CC=C(C=C1)Br,,,,1.37,oxidation,ACN
446,1-methyl-3-prop-1-enylbenzene,CC=CC1=CC=CC(=C1)C,,,,1.35,oxidation,ACN
447,1-Chloro-4-(prop-1-en-1-yl)benzene,CC=CC1=CC=C(C=C1)Cl,,,,1.35,oxidation,ACN
448,1-methyl-2-[(E)-prop-1-enyl]benzene,C/C=C/C1=CC=CC=C1C,,,,1.3199999999999998,oxidation,ACN
449,1-tert-butyl-4-(prop-1-en-1-yl)benzene,CC=CC1=CC=C(C=C1)C(C)(C)C,,,,1.27,oxidation,ACN
450,"1,2-bis(prop-1-enyl)benzene",CC=CC1=CC=CC=C1C=CC,,,,1.2599999999999998,oxidation,ACN
451,(E)-1-Methoxy-3-(prop-1-en-1-yl)benzene,C/C=C/C1=CC(=CC=C1)OC,,,,1.2200000000000002,oxidation,ACN
452,"1,1-Diphenylethylene",C=C(C1=CC=CC=C1)C2=CC=CC=C2,,,,1.16,oxidation,ACN
453,"1,4-Dipropylbenzene",CCCC1=CC=C(C=C1)CCC,,,,1.0499999999999998,oxidation,ACN
454,"3,4-Dimethoxystyrene",COC1=C(C=C(C=C1)C=C)OC,,,,0.7699999999999999,oxidation,ACN
455,"3,4-Dihydro-2H-pyran",C1CC=COC1,,,,1.13,oxidation,ACN
456,"1,8-Diazabicyclo[5.4.0]undec-7-ene",C1CCC2=NCCCN2CC1,,,,0.9,oxidation,ACN
457,"N,N-Dimethylaniline",CN(C)C1=CC=CC=C1,,,,0.36,oxidation,ACN
458,"2,6-Dimethylthiophenol",CC1=C(C(=CC=C1)C)S,,,,1.06,oxidation,ACN
459,"1,4-Benzenedithiol",C1=CC(=CC=C1S)S,,,,0.7799999999999999,oxidation,ACN
460,"2,3-Benzofuran",C1=CC=C2C(=C1)C=CO2,,,,1.36,oxidation,ACN
461,"N,N-Dimethylformamide",CN(C)C=O,,,,1.88,oxidation,ACN
462,"1,3-Dimethyl-3,4,5,6-tetrahydro-2(1H)-pyrimidone",CN1CCCN(C1=O)C,,,,1.17,oxidation,ACN
463,"1,2-xylene",Cc1ccccc1C,,,,1.8400000000000003,oxidation,ACN
464,"4-ethenyl-1,2-dimethylbenzene",C=Cc1ccc(C)c(C)c1,,,,0.7699999999999999,oxidation,ACN
465,"1,4-bis(prop-1-enyl)benzene",CC=Cc1ccc(C=CC)cc1,,,,1.0499999999999998,oxidation,ACN
466,"cyclohexa-1,3-diene",C1=CCCC=C1,,,,1.16,oxidation,ACN
467,"1,3-bis(prop-1-enyl)benzene",CC=Cc1cccc(C=CC)c1,,,,1.2799999999999998,oxidation,ACN
468,prop-1-en-2-ylbenzene,C=C(C)c1ccccc1,,,,1.5299999999999998,oxidation,ACN
469,bicyclo[2.2.1]heptane,C1CC2CCC1C2,,,,1.8400000000000003,oxidation,ACN
470,"1,3-di(propan-2-yloxy)benzene",CC(C)Oc1cccc(OC(C)C)c1,,,,1.09,oxidation,ACN
471,"2,6-di(propan-2-yl)aniline",CC(C)c1cccc(C(C)C)c1N,,,,0.4599999999999999,oxidation,ACN
472,1-phenylpyrrolidine,c1ccc(N2CCCC2)cc1,,,,0.5,oxidation,ACN
473,1-chloro-4-iodobenzene,Clc1ccc(I)cc1,,,,-2.32,reduction,ACN
474,1-bromo-4-iodobenzene,Brc1ccc(I)cc1,,,,-2.33,reduction,ACN
475,"1,2-dichloroethane",ClCCCl,,,,-2.3,reduction,ACN
476,2-bromo-1-phenylethanone,O=C(CBr)c1ccccc1,,,,-1.84,reduction,ACN
477,benzoate,O=C([O-])c1ccccc1,,,,1.02,oxidation,ACN
478,piperidin-2-one,O=C1CCCCN1,,,,2.2,oxidation,ACN
479,oxolan-2-one,O=C1CCCO1,,,,-2.51,reduction,ACN
480,"3,5-bis(trifluoromethyl)benzenesulfonyl chloride",O=S(=O)(Cl)c1cc(C(F)(F)F)cc(C(F)(F)F)c1,,,,-0.8300000000000001,reduction,ACN
481,anthracene,c1ccc2cc3ccccc3cc2c1,,,,-2.3,reduction,DMF
482,diphenyldiazene,c1ccc(/N=N/c2ccccc2)cc1,,,,-1.7400000000000002,reduction,DMF
483,diphenylmethanone,O=C(c1ccccc1)c1ccccc1,,,,-2.26,reduction,ACN
484,"2-[4-(dicyanomethylidene)cyclohexa-2,5-dien-1-ylidene]propanedinitrile",N#CC(C#N)=c1ccc(=C(C#N)C#N)cc1,,,,-0.25,reduction,ACN
485,"2-(1,3-dithiol-2-ylidene)-1,3-dithiole",C1=CSC(=C2SC=CS2)S1,,,,0.28,oxidation,ACN
486,n-Pentane,CCCCC,,,,2.76,oxidation,ACN
487,2-Methylpentane,CCCC(C)C,,,,2.89,oxidation,ACN
488,3-Methylpentane,CCC(C)CC,,,,2.8000000000000003,oxidation,ACN
489,"2,2-Dimethylbutane",CCC(C)(C)C,,,,3.16,oxidation,ACN
490,n-Heptane,CCCCCCC,,,,2.68,oxidation,ACN
491,n-Octane,CCCCCCCC,,,,2.76,oxidation,ACN
492,Bicyclo(1.1.0)butane,C1C2C1C2,,,,1.2999999999999998,oxidation,ACN
493,"Bicyclo[1.1.0]butane, 1-methyl-",CC12CC1C2,,,,1.08,oxidation,ACN
494,"1,3-Dimethylbicyclo(1.1.0)butane",CC12CC1(C2)C,,,,0.7100000000000001,oxidation,ACN
495,"2,2-dimethylbicyclo[1.1.0]butane",CC1(C2C1C2)C,,,,1.17,oxidation,ACN
496,"1,2,2-trimethylbicyclo[1.1.0]butane",CC1(C2C1(C2)C)C,,,,0.88,oxidation,ACN
497,"1,2,2,3-tetramethylbicyclo[1.1.0]butane",CC1(C2(C1(C2)C)C)C,,,,0.64,oxidation,ACN
498,"2,2,4,4-tetramethylbicyclo[1.1.0]butane",CC1(C2C1C2(C)C)C,,,,1.1800000000000002,oxidation,ACN
499,"1,2,2,3,4,4-hexamethylbicyclo[1.1.0]butane",CC1(C2(C1(C2(C)C)C)C)C,,,,0.5399999999999999,oxidation,ACN
500,"Tricyclo(2.2.1.02,6)heptane",C1C2CC3C1C3C2,,,,1.73,oxidation,ACN
501,bicyclo[3.1.1]heptane,C1CC2CC(C1)C2,,,,1.11,oxidation,ACN
502,"Pentacyclo[3.3.0.02,4.03,7.06,8]octane",C12C3C4C3C5C4C1C25,,,,1.15,oxidation,ACN
503,"Pentacyclo[4.3.0.02,4.03,8.05,7]nonane",C1C2C3C4C1C5C2C5C34,,,,1.23,oxidation,ACN
504,"Pentacyclo(4.2.0.02,5.03,8.04,7)octane",C12C3C4C1C5C2C3C45,,,,1.34,oxidation,ACN
505,"Pentacyclo(4.3.0.02,5.03,8.04,7)nonane",C1C2C3C4C1C5C2C3C45,,,,1.35,oxidation,ACN
506,2-methylprop-1-ene,CC(=C)C,,,,2.53,oxidation,ACN
507,2-methylbut-1-ene,CCC(=C)C,,,,1.85,oxidation,ACN
508,"buta-1,3-diene",C=CC=C,,,,1.91,oxidation,ACN
509,"2,3-dimethylbuta-1,3-diene",CC(=C)C(=C)C,,,,1.7200000000000002,oxidation,ACN
510,2-Octene,CCCCC/C=C/C,,,,2.1100000000000003,oxidation,ACN
511,"cyclohexa-1,4-diene",C1C=CCC=C1,,,,1.48,oxidation,ACN
512,"bicyclo[2.2.1]hepta-2,5-diene",C1C2C=CC1C=C2,,,,1.17,oxidation,ACN
513,1-Propylbenzene,CCCC1=CC=CC=C1,,,,1.91,oxidation,ACN
514,t-Butylbenzene,CC(C)(C)C1=CC=CC=C1,,,,1.81,oxidation,ACN
515,Cyclohexylbenzene,C1CCC(CC1)C2=CC=CC=C2,,,,1.8000000000000005,oxidation,ACN
516,"1,2,3-trimethylbenzene",CC1=C(C(=CC=C1)C)C,,,,1.5300000000000002,oxidation,ACN
517,"1,2,4-trimethylbenzene",CC1=CC(=C(C=C1)C)C,,,,1.5100000000000002,oxidation,ACN
518,"1,2,3,5-tetramethylbenzene",CC1=CC(=C(C(=C1)C)C)C,,,,1.44,oxidation,ACN
519,"1,2,4,5-tetramethylbenzene",CC1=CC(=C(C=C1C)C)C,,,,1.17,oxidation,ACN
520,"1,2,3,4,5-pentamethylbenzene",CC1=CC(=C(C(=C1C)C)C)C,,,,1.16,oxidation,ACN
521,"1,2,3,4,5,6-hexamethylbenzene",CC1=C(C(=C(C(=C1C)C)C)C)C,,,,1.08,oxidation,ACN
522,cyclopropylbenzene,C1CC1C2=CC=CC=C2,,,,1.4500000000000002,oxidation,ACN
523,1-cyclopropyl-4-methylbenzene,CC1=CC=C(C=C1)C2CC2,,,,1.2000000000000002,oxidation,ACN
524,trans-1-Methyl-2-phenylcyclopropane,C[C@@H]1C[C@H]1C2=CC=CC=C2,,,,1.2999999999999998,oxidation,ACN
525,"(2,2-dimethylcyclopropyl)benzene",CC1(CC1C2=CC=CC=C2)C,,,,1.36,oxidation,ACN
526,"1,2,3,4-tetrahydronaphthalene",C1CCC2=CC=CC=C2C1,,,,1.5100000000000002,oxidation,ACN
527,azulene,C1=CC=C2C=CC=C2C=C1,,,,0.5499999999999999,oxidation,ACN
528,1-methylnaphthalene,CC1=CC=CC2=CC=CC=C12,,,,1.06,oxidation,ACN
529,2-methylnaphthalene,CC1=CC2=CC=CC=C2C=C1,,,,1.04,oxidation,ACN
530,"2,6-dimethylnaphthalene",CC1=CC2=C(C=C1)C=C(C=C2)C,,,,0.97,oxidation,ACN
531,acenaphthylene,C1=CC2=C3C(=C1)C=CC3=CC=C2,,,,0.89,oxidation,ACN
532,n-Propylamine,CCCN,,,,1.0,oxidation,ACN
533,Diethylamine,CCNCC,,,,0.89,oxidation,ACN
534,n-Butylamine,CCCCN,,,,1.0,oxidation,ACN
535,i-Butylamine,CC(C)CN,,,,0.99,oxidation,ACN
536,t-Butylamine,CC(C)(C)N,,,,1.0099999999999998,oxidation,ACN
537,n-Pentylamine,CCCCCN,,,,1.06,oxidation,ACN
538,n-Nonylamine,CCCCCCCCCN,,,,1.09,oxidation,ACN
539,Di-n-propylamine,CCCNCCC,,,,0.7999999999999999,oxidation,ACN
540,Di-n-butylamine,CCCCNCCCC,,,,0.7499999999999999,oxidation,ACN
541,Di-sec-butylamine,CCC(C)NC(C)CC,,,,0.7699999999999999,oxidation,ACN
542,Trimethylamine,CN(C)C,,,,0.66,oxidation,ACN
543,Tri-n-propylamine,CCCN(CCC)CCC,,,,0.39,oxidation,ACN
544,2-(dimethylamino)acetonitrile,CN(C)CC#N,,,,0.96,oxidation,ACN
545,4-methoxyaniline,COC1=CC=C(C=C1)N,,,,0.1999999999999999,oxidation,ACN
546,4-chloroaniline,C1=CC(=CC=C1N)Cl,,,,0.5399999999999999,oxidation,ACN
547,"N,N-dimethyl-1-phenylmethanamine",CN(C)CC1=CC=CC=C1,,,,0.61,oxidation,ACN
548,N-methylaniline,CNC1=CC=CC=C1,,,,0.5099999999999999,oxidation,ACN
549,"N,N-Dimethyl-4-nitroaniline",CN(C)C1=CC=C(C=C1)[N+](=O)[O-],,,,0.89,oxidation,ACN
550,N-ethylaniline,CCNC1=CC=CC=C1,,,,0.5299999999999999,oxidation,ACN
551,"2,3,5,6-tetramethylaniline",CC1=CC(=C(C(=C1C)N)C)C,,,,0.28,oxidation,ACN
552,"1-N,1-N,4-N,4-N-tetramethylbenzene-1,4-diamine",CN(C)C1=CC=C(C=C1)N(C)C,,,,-0.22,reduction,ACN
553,"1-N,1-N,3-N,3-N-tetramethylbenzene-1,3-diamine",CN(C)C1=CC(=CC=C1)N(C)C,,,,0.1999999999999999,oxidation,ACN
554,"1-N,1-N,2-N,2-N-tetramethylbenzene-1,2-diamine",CN(C)C1=CC=CC=C1N(C)C,,,,0.16,oxidation,ACN
555,"3-methoxy-N,N-dimethylaniline",CN(C)C1=CC(=CC=C1)OC,,,,0.37,oxidation,ACN
556,"4-methoxy-N,N-dimethylaniline",CN(C)C1=CC=C(C=C1)OC,,,,0.2099999999999999,oxidation,ACN
557,"2-methoxy-N,N-dimethylaniline",CN(C)C1=CC=CC=C1OC,,,,0.36,oxidation,ACN
558,"2,3,5,6-tetramethylbenzene-1,4-diamine",CC1=C(C(=C(C(=C1N)C)C)N)C,,,,-0.3,reduction,ACN
559,naphthalen-1-amine,C1=CC=C2C(=C1)C=CC=C2N,,,,0.2199999999999999,oxidation,ACN
560,naphthalen-2-amine,C1=CC=C2C=C(C=CC2=C1)N,,,,0.3199999999999999,oxidation,ACN
561,"1,4-diazabicyclo[2.2.2]octane",C1CN2CCN1CC2,,,,0.18,oxidation,ACN
562,"N,N-dimethyl-1-phenylethenamine",CN(C)C(=C)C1=CC=CC=C1,,,,0.3099999999999999,oxidation,ACN
563,CH3OH,CO,,,,2.79,oxidation,ACN
564,ethanol,CCO,,,,2.5700000000000003,oxidation,ACN
565,propan-2-ol,CC(C)O,,,,2.56,oxidation,ACN
566,butan-1-ol,CCCCO,,,,2.62,oxidation,ACN
567,butan-2-ol,CCC(C)O,,,,2.6100000000000003,oxidation,ACN
568,pentan-1-ol,CCCCCO,,,,2.52,oxidation,ACN
569,CH2OH,[CH2]O,,,,1.5100000000000002,oxidation,ACN
570,"1,2,3-trimethoxybenzene",COC1=C(C(=CC=C1)OC)OC,,,,1.0299999999999998,oxidation,ACN
571,"1,2,4-trimethoxybenzene",COC1=CC(=C(C=C1)OC)OC,,,,0.7300000000000001,oxidation,ACN
572,"1,3,5-trimethoxybenzene",COC1=CC(=CC(=C1)OC)OC,,,,1.1,oxidation,ACN
573,1-cyclopropyl-4-methoxybenzene,COC1=CC=C(C=C1)C2CC2,,,,0.96,oxidation,ACN
574,1-ethyl-4-methoxybenzene,CCC1=CC=C(C=C1)OC,,,,1.0699999999999998,oxidation,ACN
575,"1,3-benzodioxole",C1OC2=CC=CC=C2O1,,,,1.0299999999999998,oxidation,ACN
576,"1,3-benzodioxole-5-carboxylic acid",C1OC2=C(O1)C=C(C=C2)C(=O)O,,,,1.2400000000000002,oxidation,ACN
577,"1,3-benzodioxole-5-carbaldehyde",C1OC2=C(O1)C=C(C=C2)C=O,,,,1.2599999999999998,oxidation,ACN
578,2-(4-methoxyphenyl)acetic acid,COC1=CC=C(C=C1)CC(=O)O,,,,1.1800000000000002,oxidation,ACN
579,"3,3-dimethylbutan-2-one",CC(=O)C(C)(C)C,,,,2.03,oxidation,ACN
580,3-methylbutan-2-one,CC(C)C(=O)C,,,,2.12,oxidation,ACN
581,"2,4-dimethylpentan-3-one",CC(C)C(=O)C(C)C,,,,2.01,oxidation,ACN
582,phenyl formate,C1=CC=C(C=C1)OC=O,,,,1.58,oxidation,ACN
583,1-chloro-4-cyclopropylbenzene,C1CC1C2=CC=C(C=C2)Cl,,,,1.58,oxidation,ACN
584,p-Chlorotoluene,CC1=CC=C(C=C1)Cl,,,,1.7000000000000002,oxidation,ACN
585,"N,N-dimethylacetamide",CC(=O)N(C)C,,,,1.7000000000000002,oxidation,ACN
586,"N,N-dimethylbenzamide",CN(C)C(=O)C1=CC=CC=C1,,,,1.65,oxidation,ACN
587,1-(methoxymethyl)piperidine,COCN1CCCCC1,,,,1.4900000000000002,oxidation,ACN
588,methyl piperidine-1-carboxylate,COC(=O)N1CCCCC1,,,,1.5700000000000005,oxidation,ACN
589,trimethyl(prop-2-enyl)silane,C[Si](C)(C)CC=C,,,,1.11,oxidation,ACN
590,trimethyl(3-methylbut-2-enyl)silane,CC(=CC[Si](C)(C)C)C,,,,1.0,oxidation,ACN
591,1-ethoxyethenoxy(trimethyl)silane,CCOC(=C)O[Si](C)(C)C,,,,0.89,oxidation,ACN
592,(1-methoxy-2-methylprop-1-enoxy)-trimethylsilane,CC(=C(OC)O[Si](C)(C)C)C,,,,0.5099999999999999,oxidation,ACN
593,phenysilane,C1=CC=C(C=C1)[SiH3],,,,2.0,oxidation,ACN
594,1-Methyl-4-silylbenzene,CC1=CC=C(C=C1)[SiH3],,,,1.88,oxidation,ACN
595,"(2,4,6-trimethylphenyl)silane",CC1=CC(=C(C(=C1)C)[SiH3])C,,,,1.7800000000000002,oxidation,ACN
596,"N,N-Dimethyl-4-silylaniline",CN(C)C1=CC=C(C=C1)[SiH3],,,,0.68,oxidation,ACN
597,Benzyltrimethylsilane,C[Si](C)(C)CC1=CC=CC=C1,,,,0.99,oxidation,ACN
598,trimethyl(phenylsulfanylmethyl)silane,C[Si](C)(C)CSC1=CC=CC=C1,,,,1.09,oxidation,ACN
599,N-[(Trimethylsilyl)methyl]aniline,C[Si](C)(C)CNC1=CC=CC=C1,,,,0.38,oxidation,ACN
600,propane-1-thiol,CCCS,,,,1.08,oxidation,ACN
601,butane-1-thiol,CCCCS,,,,1.2799999999999998,oxidation,ACN
602,methylsulfanylmethane,CSC,,,,1.14,oxidation,ACN
603,ethylsulfanylethane,CCSCC,,,,1.29,oxidation,ACN
604,methylsulfinylmethane,CS(=O)C,,,,1.6100000000000003,oxidation,ACN
605,"N,N-dimethylmethanesulfonamide",CN(C)S(=O)(=O)C,,,,1.6800000000000002,oxidation,ACN
606,2-tert-butyl-1H-pyrrole,CC(C)(C)C1=CC=CN1,,,,0.7300000000000001,oxidation,ACN
607,4-nitro-1-oxidopyridin-1-ium,C1=C[N+](=CC=C1[N+](=O)[O-])[O-],,,,1.7400000000000002,oxidation,ACN
608,1-oxidopyridin-1-ium-4-carbonitrile,C1=C[N+](=CC=C1C#N)[O-],,,,1.88,oxidation,ACN
609,Nicotinonitrile 1-oxide,C1=CC(=C[N+](=C1)[O-])C#N,,,,1.62,oxidation,ACN
610,4-chloropyridine N-oxide,C1=C[N+](=CC=C1Cl)[O-],,,,1.4,oxidation,ACN
611,1-oxidopyridin-1-ium,C1=CC=[N+](C=C1)[O-],,,,1.41,oxidation,ACN
612,4-methyl-1-oxidopyridin-1-ium,CC1=CC=[N+](C=C1)[O-],,,,1.2200000000000002,oxidation,ACN
613,3-methyl-1-oxidopyridin-1-ium,CC1=C[N+](=CC=C1)[O-],,,,1.4,oxidation,ACN
614,4-methoxy-1-oxidopyridin-1-ium,COC1=CC=[N+](C=C1)[O-],,,,0.97,oxidation,ACN
615,"N,N-dimethyl-1-oxidopyridin-1-ium-4-amine",CN(C)C1=CC=[N+](C=C1)[O-],,,,0.37,oxidation,ACN
616,3-methoxy-1-oxidopyridin-1-ium,COC1=C[N+](=CC=C1)[O-],,,,1.33,oxidation,ACN
617,3-chloro-1-oxidopyridin-1-ium,C1=CC(=C[N+](=C1)[O-])Cl,,,,1.5100000000000002,oxidation,ACN
618,ethyl 1-oxidopyridin-1-ium-3-carboxylate,CCOC(=O)C1=C[N+](=CC=C1)[O-],,,,1.5300000000000002,oxidation,ACN
619,ethyl 1-oxidopyridin-1-ium-4-carboxylate,CCOC(=O)C1=CC=[N+](C=C1)[O-],,,,1.5900000000000003,oxidation,ACN
620,4-ethyl-1-oxidopyridin-1-ium,CCC1=CC=[N+](C=C1)[O-],,,,1.1800000000000002,oxidation,ACN
621,2-(1H-pyrrol-2-yl)-1H-pyrrole,C1=CNC(=C1)C2=CC=CN2,,,,0.2099999999999999,oxidation,ACN
622,2-methyl-5-(1H-pyrrol-2-yl)-1H-pyrrole,CC1=CC=C(N1)C2=CC=CN2,,,,0.0699999999999999,oxidation,ACN
623,2-methyl-5-(5-methyl-1H-pyrrol-2-yl)-1H-pyrrole,CC1=CC=C(N1)C2=CC=C(N2)C,,,,-0.0899999999999999,reduction,ACN
624,2-methyl-1H-benzimidazole,CC1=NC2=CC=CC=C2N1,,,,0.99,oxidation,ACN
625,"1,2,3-Trimethyl-1H-benzimidazolium",CC1=[N+](C2=CC=CC=C2N1C)C,,,,1.91,oxidation,ACN
626,1-Ethylquinolinium,CC[N+]1=CC=CC2=CC=CC=C21,,,,2.19,oxidation,ACN
627,"1,1-dimethylhydrazine",CN(C)N,,,,-0.2,reduction,ACN
628,"1,1,2,2-tetramethylhydrazine",CN(C)N(C)C,,,,-0.1099999999999999,reduction,ACN
629,"1,1,2-trimethyl-2-propylhydrazine",CCCN(C)N(C)C,,,,-0.12,reduction,ACN
630,Butyltrimethylhydrazine,CCCCN(C)N(C)C,,,,-0.12,reduction,ACN
631,"1,1-dimethyl-2,2-dipropylhydrazine",CCCN(CCC)N(C)C,,,,-0.14,reduction,ACN
632,"N,N'-Diethyl-N,N'-dimethylhydrazine",CCN(C)N(C)CC,,,,-0.13,reduction,ACN
633,tert-Butyl trimethylhydrazine,CC(C)(C)N(C)N(C)C,,,,0.05,oxidation,ACN
634,"Hydrazine, 1,2-di-tert-butyl 1,2-dimethyl-",CC(C)(C)N(C)N(C)C(C)(C)C,,,,0.13,oxidation,ACN
635,"1-Pyrrolidinamine, N,N-dimethyl-",CN(C)N1CCCC1,,,,-0.27,reduction,ACN
636,"1-Piperidinamine, N,N-dimethyl-",CN(C)N1CCCCC1,,,,-0.0799999999999999,reduction,ACN
637,N-(N-Pyrrolidinyl)-piperidine,C1CCN(CC1)N2CCCC2,,,,-0.24,reduction,ACN
638,"Hexahydropyrazolo[1,2-a]pyrazole",C1CN2CCCN2C1,,,,-0.36,reduction,ACN
639,"1,2-dimethylpyrazolidine",CN1CCCN1C,,,,-0.33,reduction,ACN
640,"2,3-Diazabicyclo(2.2.2)octane, 2,3-dimethyl-",CN1C2CCC(N1C)CC2,,,,-0.29,reduction,ACN
641,"Pyridazine, hexahydro-1,2,3,6-tetramethyl-, cis-",CC1CCC(N(N1C)C)C,,,,-0.24,reduction,ACN
642,"1,2-dimethylhexahydropyridazine",CN1CCCCN1C,,,,-0.21,reduction,ACN
643,"1,2-Diazacyclohex-4-ene, 1,2-dimethyl-",CN1CC=CCN1C,,,,-0.1099999999999999,reduction,ACN
644,"1,6-Diazabicyclo(4.4.0)decane",C1CCN2CCCCN2C1,,,,-0.16,reduction,ACN
645,"3,4-diethyl-1,3,4-oxadiazolidine",CCN1COCN1CC,,,,0.17,oxidation,ACN
646,"1,2,4,5-Tetraazacyclohexane, 1,2,4,5-tetramethyl-",CN1CN(N(CN1C)C)C,,,,-0.0699999999999999,reduction,ACN
647,"2,3-Diazabicyclo[2.2.1]hept-2-ene",C1CC2CC1N=N2,,,,1.58,oxidation,ACN
648,"7,7-dimethyl-2,3-diazabicyclo[2.2.1]hept-2-ene",CC1(C2CCC1N=N2)C,,,,1.46,oxidation,ACN
649,"1,4-dimethyl-2,3-diazabicyclo[2.2.1]hept-2-ene",CC12CCC(C1)(N=N2)C,,,,1.2000000000000002,oxidation,ACN
650,"2,3-diazabicyclo[2.2.2]oct-2-ene",C1CC2CCC1N=N2,,,,1.06,oxidation,ACN
651,"1,4-Dimethyl-2,3-diaza-bicyclo(2.2.2)oct-2-ene",CC12CCC(CC1)(N=N2)C,,,,0.95,oxidation,ACN
652,"methyl 3,5,5-trimethyl-4,5-dihydro-3H-pyrazole-3-carboxylate",CC1(CC(N=N1)(C)C(=O)OC)C,,,,1.66,oxidation,ACN
653,"3,4-diazatricyclo[4.2.1.02,5]nona-3,7-diene",C1C2C=CC1C3C2N=N3,,,,1.91,oxidation,ACN
654,N-[(E)-diethylaminodiazenyl]-N-ethylethanamine,CCN(CC)/N=N/N(CC)CC,,,,-0.0699999999999999,reduction,ACN
655,"2,2'-Bipyridine",C1=CC=NC(=C1)C2=CC=CC=N2,,,,-3.6499999999999995,reduction,ACN
656,"1,10-phenanthroline",C1=CC2=C(C3=C(C=CC=N3)C=C2)N=C1,,,,-3.51,reduction,ACN
657,"3,3'-Azotoluene",CC1=CC(=CC=C1)N=NC2=CC=CC(=C2)C,,,,"-2.8999999999999995,-3.5299999999999994",reduction,ACN
658,"1,1'-Azonaphthalene",C1=CC=C2C(=C1)C=CC=C2N=NC3=CC=CC4=CC=CC=C43,,,,"-2.6499999999999995,-3.2099999999999995",reduction,ACN
659,"2,2'-Azonaphthalene",C1=CC=C2C=C(C=CC2=C1)N=NC3=CC4=CC=CC=C4C=C3,,,,"-2.7399999999999998,-3.2699999999999996",reduction,ACN
660,"4,4'-Azobiphenyl",C1=CC=C(C=C1)C2=CC=C(C=C2)N=NC3=CC=C(C=C3)C4=CC=CC=C4,,,,"-2.7399999999999998,-3.2899999999999996",reduction,ACN
661,"4,4'-Azopyridine",C1=CN=CC=C1N=NC2=CC=NC=C2,,,,"-2.32,-3.05",reduction,ACN
662,"2,3-Dimethylnaphthalene",CC1=CC2=CC=CC=C2C=C1C,,,,"0.993,1.253",oxidation,ACN
663,Indan,C1CC2=CC=CC=C2C1,,,,"1.503,1.933",oxidation,ACN
664,Tetracene,C1=CC=C2C=C3C=C4C=CC=CC4=CC3=CC2=C1,,,,"0.453,1.113",oxidation,ACN
665,"1,2-Benzanthracene",C1=CC=C2C(=C1)C=CC3=CC4=CC=CC=C4C=C32,,,,"0.913,1.003",oxidation,ACN
666,"1,2,5,6-Dibenzanthracene",C1=CC=C2C(=C1)C=CC3=CC4=C(C=CC5=CC=CC=C54)C=C32,,,,"0.913,1.173",oxidation,ACN
667,Phenoxathiin,C1=CC=C2C(=C1)OC3=CC=CC=C3S2,,,,"0.738,1.233",oxidation,ACN
668,Thianthrene,C1=CC=C2C(=C1)SC3=CC=CC=C3S2,,,,"0.778,1.103",oxidation,ACN
669,"3,4-Dimethoxypropenylbenzene",C/C=C/C1=CC(=C(C=C1)OC)OC,,,,"0.600,0.820,1.020",oxidation,ACN
670,p-Nitro aniline,C1=CC(=CC=C1N)[N+](=O)[O-],,,,"0.590,0.760",oxidation,ACN
671,9-Amino-10-phenylanthracene,C1=CC=C(C=C1)C2=C3C=CC=CC3=C(C4=CC=CC=C42)N,,,,"0.083,0.933",oxidation,ACN
672,N-Methylphenothiazine,CN1C2=CC=CC=C2SC3=CC=CC=C31,,,,"0.313,0.883",oxidation,ACN
673,Persantine,C1CCN(CC1)C2=NC(=NC3=C2N=C(N=C3N4CCCCC4)N(CCO)CCO)N(CCO)CCO,,,,"0.133,0.383",oxidation,ACN
674,"9,10-Dibromoanthracene",C1=CC=C2C(=C1)C(=C3C=CC=CC3=C2Br)Br,,,,"1.063,1.383",oxidation,ACN
675,p-Methoxybenzyl alcohol,COC1=CC=C(C=C1)CO,,,,"1.133,1.553",oxidation,ACN
676,p-Iodobenzyl alcohol,C1=CC(=CC=C1CO)I,,,,"1.493,1.823",oxidation,ACN
677,Cinnamyl alcohol,C1=CC=C(C=C1)/C=C/CO,,,,"1.243,1.733",oxidation,ACN
678,p-Nitrocinnamyl alcohol,C1=CC(=CC=C1/C=C/CO)[N+](=O)[O-],,,,"1.273,1.683",oxidation,ACN
679,Hydrazobenzene,C1=CC=C(C=C1)NNC2=CC=CC=C2,,,,"0.093,1.263",oxidation,ACN
680,"4,4'-Dichlorohydrazobenzene",C1=CC(=CC=C1NNC2=CC=C(C=C2)Cl)Cl,,,,"0.173,1.353",oxidation,ACN
681,"5,10-dihydro-5,10-dimethylphenazine",CN1C2=CC=CC=C2N(C3=CC=CC=C31)C,,,,"-0.29,0.5",oxidation,ACN
682,(E)-Stilbene,,7.656,0.39,C1=CC=C(C=C1)/C=C/C2=CC=CC=C2,,,
683,"1,4-Dioxane",,9.19,,C1COCCO1,2.12,oxidation,ACN
684,"1,4-Naphthalenedione",,9.5,1.81,C1=CC=C2C(=O)C=CC(=O)C2=C1,,,
685,1-Butene,,9.55,,CCC=C,2.54,oxidation,ACN
686,1-Octene,,9.43,,CCCCCCC=C,2.58,oxidation,ACN
687,1-Pentene,,9.49,,CCCC=C,2.62,oxidation,ACN
688,"9,10-Anthracenedione",,9.25,1.591,C1=CC=C2C(=C1)C(=O)C3=CC=CC=C3C2=O,,,
689,Acetophenone,,9.28,0.3339,CC(=O)C1=CC=CC=C1,-2.49,reduction,ACN
690,Adamantane,,9.25,,C1C2CC3CC1CC(C2)C3,2.3000000000000003,oxidation,ACN
691,Aniline,,7.72,,C1=CC=C(C=C1)N,0.57,oxidation,ACN
692,Anisole,,8.2,,COC1=CC=CC=C1,1.4300000000000002,oxidation,ACN
693,Anthracene,,7.439,0.53,C1=CC=C2C=C3C=CC=CC3=CC2=C1,,,
694,Azulene,,7.42,0.79,C1=CC=C2C=CC=C2C=C1,,,
695,Benz[a]anthracene,,"7.45,7.60",0.39,C1=CC=C2C(=C1)C=CC3=CC4=CC=CC=C4C=C32,,,
696,Benzaldehyde,,9.5,0.4293,C1=CC=C(C=C1)C=O,-2.31,reduction,ACN
697,Benzene,,9.24378,,C1=CC=CC=C1,2.02,oxidation,ACN
698,"Benzene, 1-methyl-3-nitro-",,9.5,0.99,CC1=CC(=CC=C1)[N+](=O)[O-],,,
699,"Benzene, 1-methyl-4-nitro-",,9.46,0.95,CC1=CC=C(C=C1)[N+](=O)[O-],,,
700,"Benzene, bromopentafluoro-",,9.62,1.15,C1(=C(C(=C(C(=C1F)F)Br)F)F)F,,,
701,"Benzene, chloropentafluoro-",,9.72,0.75,C1(=C(C(=C(C(=C1F)F)Cl)F)F)F,,,
702,"Benzene, hexachloro-",,9.0,0.92,C1(=C(C(=C(C(=C1Cl)Cl)Cl)Cl)Cl)Cl,,,
703,"Benzene, hexafluoro-",,9.9,0.53,C1(=C(C(=C(C(=C1F)F)F)F)F)F,,,
704,"Benzene, nitro-",,9.94,1.0,C1=CC=C(C=C1)[N+](=O)[O-],,,
705,Benzo[a]pyrene,,7.12,0.815,C1=CC=C2C3=C4C(=CC2=C1)C=CC5=C4C(=CC=C5)C=C3,,,
706,Benzo[ghi]perylene,,7.17,0.42,C1=CC2=C3C(=C1)C4=CC=CC5=C4C6=C(C=C5)C=CC(=C36)C=C2,,,
707,Benzonitrile,,9.73,0.26,C1=CC=C(C=C1)C#N,-2.81,reduction,ACN
708,Benzophenone,,9.08,0.62,C1=CC=C(C=C1)C(=O)C2=CC=CC=C2,,,
709,Benzyl radical,,7.242,0.912,[CH2]C1=CC=CC=C1,,,
710,Biphenylene,,7.58,0.89,C1=CC2=C3C=CC=CC3=C2C=C1,,,
711,Bromotrifluoromethane,,11.4,0.91,C(F)(F)(F)Br,,,
712,Carbon Tetrachloride,,11.47,0.8,C(Cl)(Cl)(Cl)Cl,,,
713,Carbon disulfide,,10.073,0.5525,C(=S)=S,,,
714,Carbon monosulfide,,11.33,0.205,[C-]#[S+],,,
715,Carbonyl sulfide,,11.18,0.46,C(=O)=S,,,
716,Chrysene,,"7.6,8.0",0.32,C1=CC=C2C(=C1)C=CC3=C2C=CC4=CC=CC=C43,"1.133,1.183",oxidation,ACN
717,Coronene,,7.29,0.47,C1=CC2=C3C4=C1C=CC5=C4C6=C(C=C5)C=CC7=C6C3=C(C=C2)C=C7,,,
718,Cyclobutane,,9.8,,C1CCC1,1.52,oxidation,ACN
719,Cyclohexanone,,9.16,,C1CCC(=O)CC1,-2.71,reduction,ACN
720,Cyclohexene,,8.95,,C1CCC=CC1,1.99,oxidation,ACN
721,Cyclopentene,,9.01,,C1CC=CC1,1.94,oxidation,ACN
722,"Dibenz[a,h]anthracene",,7.39,0.595,C1=CC=C2C(=C1)C=CC3=CC4=C(C=CC5=CC=CC=C54)C=C32,,,
723,Dicarbon,,11.4,3.273,C#C,,,
724,Dichlorodifluoromethane,,12.0,0.4,C(F)(F)(Cl)Cl,,,
725,Diphenylacetylene,,7.94,,C1=CC=C(C=C1)C#CC2=CC=CC=C2,1.46,oxidation,ACN
726,Diphenylamine,,7.19,,C1=CC=C(C=C1)NC2=CC=CC=C2,0.54,oxidation,ACN
727,Ethylbenzene,,8.77,,CCC1=CC=CC=C1,1.9,oxidation,ACN
728,Ethylene,,10.5138,,C=C,2.78,oxidation,ACN
729,Ethynyl radical,,11.61,2.9689,C#[C],,,
730,Fluoromethylene,,10.06,0.542,,,,
731,Formyl radical,,8.12,0.313,[CH]=O,,,
732,Furan,,8.88,,C1=COC=C1,1.56,oxidation,ACN
733,Hydroquinone,,7.94,,C1=CC(=CC=C1O)O,0.7599999999999999,oxidation,ACN
734,Indene,,8.14,,C1C=CC2=CC=CC=C21,1.2799999999999998,oxidation,ACN
735,Indole,,7.7602,0.00351,C1=CC=C2C(=C1)C=CN2,0.7799999999999999,oxidation,ACN
736,Isocyanato radical,,11.76,3.609,C(=[N])=O,,,
737,Mesitylene,,8.4,,CC1=CC(=CC(=C1)C)C,1.69,oxidation,ACN
738,"Methane, iodo-",,9.54,0.11,CI,,,
739,"Methane, nitro-",,11.08,0.172,C[N+](=O)[O-],,,
740,"Methane, trifluoroiodo-",,10.28,1.57,C(F)(F)(F)I,,,
741,Methyl radical,,9.84,0.08,[CH3],,,
742,Methylene,,10.396,0.652,[CH2],,,
743,"Methylene, difluoro-",,11.44,0.18,,,,
744,Methylidyne,,10.64,1.26,,,,
745,Naphthacene,,6.97,1.058,C1=CC=C2C=C3C=C4C=CC=CC4=CC3=CC2=C1,,,
746,Naphthalene,,8.144,,C1=CC=C2C=CC=CC2=C1,1.2599999999999998,oxidation,ACN
747,Pentacene,,6.63,1.392,C1=CC=C2C=C3C=C4C=C5C=CC=CC5=CC4=CC3=CC2=C1,,,
748,Perylene,,6.96,0.973,C1=CC2=C3C(=C1)C4=CC=CC5=C4C(=CC=C5)C3=CC=C2,,,
749,Phenanthrene,,7.891,-0.01,C1=CC=C2C(=C1)C=CC3=CC=CC=C32,,,
750,Phenol,,8.49,,C1=CC=C(C=C1)O,1.25,oxidation,ACN
751,Picene,,7.51,0.542,C1=CC=C2C(=C1)C=CC3=C2C=CC4=C3C=CC5=CC=CC=C54,,,
752,Piperidine,,8.03,,C1CCNCC1,0.5599999999999999,oxidation,ACN
753,Propanal,,9.96,0.000999,CCC=O,,,
754,Propanenitrile,,11.85,0.015092,CCC#N,,,
755,Propene,,9.73,,CC=C,2.58,oxidation,ACN
756,Propiolonitrile,,11.62,1.04,C#CC#N,,,
757,Pyrene,,7.426,0.406,C1=CC2=C3C(=C1)C=CC4=CC=CC(=C43)C=C2,"0.973,1.153",oxidation,ACN
758,Pyridine,,9.26,,C1=CC=NC=C1,1.7600000000000002,oxidation,ACN
759,Pyrrole,,8.207,,C1=CNC=C1,0.7000000000000001,oxidation,ACN
760,Quinazoline,,9.03,0.58,C1=CC=C2C(=C1)C=NC=N2,,,
761,Quinoline,,8.63,,C1=CC=C2C(=C1)C=CC=N2,1.7600000000000002,oxidation,ACN
762,Quinoxaline,,9.01,0.71,C1=CC=C2C(=C1)N=CC=N2,,,
763,Styrene,,8.464,,C=CC1=CC=CC=C1,1.59,oxidation,ACN
764,Tetrachloroethylene,,9.326,0.64,C(=C(Cl)Cl)(Cl)Cl,,,
765,Thiophene,,8.86,,C1=CSC=C1,1.54,oxidation,ACN
766,Toluene,,8.828,,CC1=CC=CC=C1,1.98,oxidation,ACN
767,Trichloroethylene,,9.46,0.4,C(=C(Cl)Cl)Cl,,,
768,Trichloromethane,,11.37,0.62,C(Cl)(Cl)Cl,,,
769,Trichloromethyl radical,,8.109,2.16,[C](Cl)(Cl)Cl,,,
770,Triethylamine,,7.53,,CCN(CC)CC,0.4499999999999999,oxidation,ACN
771,Triphenylene,,7.87,0.285,C1=CC=C2C(=C1)C3=CC=CC=C3C4=CC=CC=C24,"1.373,1.463",oxidation,ACN
772,n-Hexane,,10.13,,CCCCCC,2.72,oxidation,ACN
773,p-Benzoquinone,,10.0,1.85,C1=CC(=O)C=CC1=O,,,
774,p-Xylene,,8.44,0.001519,CC1=CC=C(C=C1)C,1.5,oxidation,ACN
