Name,InChI,CAS Link,smiles,IE / eV,EA / eV,pubchem_smiles,E12,Reaction,Solvent
Propanal,"InChI=1S/C3H6O/c1-2-3-4/h3H,2H2,1H3",Copy,CCC=O,9.96,,CCC=O
Isoxazole,InChI=1S/C3H3NO/c1-2-4-5-3-1/h1-3H,Copy,c1cnoc1,10.0,,C1=CON=C1
Isopropyl acetate,"InChI=1S/C5H10O2/c1-4(2)7-5(3)6/h4H,1-3H3",Copy,CC(=O)OC(C)C,9.99,,CC(C)OC(=O)C
1-Butanol,"InChI=1S/C4H10O/c1-2-3-4-5/h5H,2-4H2,1H3",Copy,CCCCO,9.99,,CCCCO
"Ethene, chloro-","InChI=1S/C2H3Cl/c1-2-3/h2H,1H2",Copy,C=CCl,9.99,,C=CCl
p-Benzoquinone,InChI=1S/C6H4O2/c7-5-1-2-6(8)4-3-5/h1-4H,Copy,O=C1C=CC(=O)C=C1,10.0,,C1=CC(=O)C=CC1=O
Ethyl Acetate,"InChI=1S/C4H8O2/c1-3-6-4(2)5/h3H2,1-2H3",Copy,CCOC(C)=O,10.01,,CCOC(=O)C
"Butane, 2-bromo-","InChI=1S/C4H9Br/c1-3-4(2)5/h4H,3H2,1-2H3",Copy,CCC(C)Br,10.01,,CCC(C)Br
"1-Propanol, 2-methyl-","InChI=1S/C4H10O/c1-4(2)3-5/h4-5H,3H2,1-2H3",Copy,CC(C)CO,10.02,,CC(C)CO
Dimethyl ether,InChI=1S/C2H6O/c1-3-2/h1-2H3,Copy,COC,10.025,,COC
1-Hexyne,"InChI=1S/C6H10/c1-3-5-6-4-2/h1H,4-6H2,2H3",Copy,C#CCCCC,10.03,,CCCCC#C
Allyl chloride,"InChI=1S/C3H5Cl/c1-2-3-4/h2H,1,3H2",Copy,C=CCCl,10.05,,C=CCCl
Fluoromethylene,InChI=1S/CHF/c1-2/h1H,Copy,[CH-]=[F+],10.06,,
Carbon disulfide,InChI=1S/CS2/c2-1-3,Copy,S=C=S,10.073,,C(=S)=S
"Propane, 1-bromo-2-methyl-","InChI=1S/C4H9Br/c1-4(2)3-5/h4H,3H2,1-2H3",Copy,CC(C)CBr,10.09,,CC(C)CBr
"Pentane, 1-bromo-","InChI=1S/C5H11Br/c1-2-3-4-5-6/h2-5H2,1H3",Copy,CCCCCBr,10.1,,CCCCCBr
1-Pentyne,"InChI=1S/C5H8/c1-3-5-4-2/h1H,4-5H2,2H3",Copy,C#CCCC,10.1,,CCCC#C
"Propane, 2-bromo-","InChI=1S/C3H7Br/c1-3(2)4/h3H,1-2H3",Copy,CC(C)Br,10.1,,CC(C)Br
2-Propenal,"InChI=1S/C3H4O/c1-2-3-4/h2-3H,1H2",Copy,C=CC=O,10.11,,C=CC=O
"Butane, 1-bromo-","InChI=1S/C4H9Br/c1-2-3-4-5/h2-4H2,1H3",Copy,CCCCBr,10.13,,CCCCBr
n-Hexane,"InChI=1S/C6H14/c1-3-5-6-4-2/h3-6H2,1-2H3",Copy,CCCCCC,10.13,,CCCCCC
"Ethene, tetrafluoro-",InChI=1S/C2F4/c3-1(4)2(5)6,Copy,FC(F)=C(F)F,10.14,,C(=C(F)F)(F)F
Methyl propionate,"InChI=1S/C4H8O2/c1-3-4(5)6-2/h3H2,1-2H3",Copy,CCC(=O)OC,10.15,,CCC(=O)OC
Formamide,"InChI=1S/CH3NO/c2-1-3/h1H,(H2,2,3)",Copy,N=CO,10.16,,C(=O)N
Butanoic acid,"InChI=1S/C4H8O2/c1-2-3-4(5)6/h2-3H2,1H3,(H,5,6)",Copy,CCCC(=O)O,10.17,,CCCC(=O)O
Isopropyl Alcohol,"InChI=1S/C3H8O/c1-3(2)4/h3-4H,1-2H3",Copy,CC(C)O,10.17,,CC(C)O
"Propane, 1-bromo-","InChI=1S/C3H7Br/c1-2-3-4/h2-3H2,1H3",Copy,CCCBr,10.18,,CCCBr
1-Butyne,"InChI=1S/C4H6/c1-3-4-2/h1H,4H2,2H3",Copy,C#CCC,10.18,,CCC#C
3-Butenenitrile,"InChI=1S/C4H5N/c1-2-3-4-5/h2H,1,3H2",Copy,C=CCC#N,10.2,,C=CCC#N
1-Propanol,"InChI=1S/C3H8O/c1-2-3-4/h4H,2-3H2,1H3",Copy,CCCO,10.22,,CCCO
Propylene oxide,"InChI=1S/C3H6O/c1-3-2-4-3/h3H,2H2,1H3",Copy,CC1CO1,10.22,,CC1CO1
Acetaldehyde,"InChI=1S/C2H4O/c1-2-3/h2H,1H3",Copy,CC=O,10.229,,CC=O
"Propanoic acid, 2-methyl-","InChI=1S/C4H8O2/c1-3(2)4(5)6/h3H,1-2H3,(H,5,6)",Copy,CC(C)C(=O)O,10.24,,CC(C)C(=O)O
"Acetic acid, methyl ester",InChI=1S/C3H6O2/c1-3(4)5-2/h1-2H3,Copy,COC(C)=O,10.25,,CC(=O)OC
Pentane,"InChI=1S/C5H12/c1-3-5-4-2/h3-5H2,1-2H3",Copy,CCCCC,10.28,,CCCCC
"Methane, trifluoroiodo-","InChI=1S/CF3I/c2-1(3,4)5",Copy,FC(F)(F)I,10.28,,C(F)(F)(F)I
Ethyl bromide,"InChI=1S/C2H5Br/c1-2-3/h2H2,1H3",Copy,CCBr,10.29,,CCBr
"Ethene, 1,1-difluoro-",InChI=1S/C2H2F2/c1-2(3)4/h1H2,Copy,C=C(F)F,10.29,,C=C(F)F
Carbon tetrabromide,"InChI=1S/CBr4/c2-1(3,4)5",Copy,BrC(Br)(Br)Br,10.31,,C(Br)(Br)(Br)Br
"Acetylene, bromo-",InChI=1S/C2HBr/c1-2-3/h1H,Copy,C#CBr,10.31,,C#CBr
"Butane, 2-methyl-","InChI=1S/C5H12/c1-4-5(2)3/h5H,4H2,1-3H3",Copy,CCC(C)C,10.32,,CCC(C)C
Cyclopentane,InChI=1S/C5H10/c1-2-4-5-3-1/h1-5H2,Copy,C1CCCC1,10.33,,C1CCCC1
"Ethane, 1,2-dibromo-",InChI=1S/C2H4Br2/c3-1-2-4/h1-2H2,Copy,BrCCBr,10.35,,C(CBr)Br
Propyne,"InChI=1S/C3H4/c1-3-2/h1H,2H3",Copy,C#CC,10.36,,CC#C
"Ethene, fluoro-","InChI=1S/C2H3F/c1-2-3/h2H,1H2",Copy,C=CF,10.36,,C=CF
Methylene,InChI=1S/CH2/h1H2,Copy,[CH2],10.396,,[CH2]
"Methane, dibromo-",InChI=1S/CH2Br2/c2-1-3/h1H2,Copy,BrCBr,10.41,,C(Br)Br
Propanoic acid,"InChI=1S/C3H6O2/c1-2-3(4)5/h2H2,1H3,(H,4,5)",Copy,CCC(=O)O,10.44,,CCC(=O)O
Ethanol,"InChI=1S/C2H6O/c1-2-3/h3H,2H2,1H3",Copy,CCO,10.48,,CCO
"Methane, tribromo-",InChI=1S/CHBr3/c2-1(3)4/h1H,Copy,BrC(Br)Br,10.5,,C(Br)(Br)Br
Ethylene,InChI=1S/C2H4/c1-2/h1-2H2,Copy,C=C,10.5138,,C=C
"Formic acid, butyl ester","InChI=1S/C5H10O2/c1-2-3-4-7-5-6/h5H,2-4H2,1H3",Copy,CCCCOC=O,10.52,,CCCCOC=O
Butane,"InChI=1S/C4H10/c1-3-4-2/h3-4H2,1-2H3",Copy,CCCC,10.53,,CCCC
"Formic acid, propyl ester","InChI=1S/C4H8O2/c1-2-3-6-4-5/h4H,2-3H2,1H3",Copy,CCCOC=O,10.54,,CCCOC=O
"Methane, bromo-",InChI=1S/CH3Br/c1-2/h1H3,Copy,CBr,10.541,,CBr
Ethylene oxide,InChI=1S/C2H4O/c1-2-3-1/h1-2H2,Copy,C1CO1,10.56,,C1CO1
"Ethane, 1-bromo-2-chloro-",InChI=1S/C2H4BrCl/c3-1-2-4/h1-2H2,Copy,ClCCBr,10.57,,C(CBr)Cl
"Butane, 2-chloro-","InChI=1S/C4H9Cl/c1-3-4(2)5/h4H,3H2,1-2H3",Copy,CCC(C)Cl,10.57,,CCC(C)Cl
"Methane, dibromochloro-",InChI=1S/CHBr2Cl/c2-1(3)4/h1H,Copy,ClC(Br)Br,10.59,,C(Cl)(Br)Br
"Propene, hexafluoro-","InChI=1S/C3F6/c4-1(2(5)6)3(7,8)9",Copy,FC(F)=C(F)C(F)(F)F,10.6,,C(=C(F)F)(C(F)(F)F)F
"Ethyne, chloro-",InChI=1S/C2HCl/c1-2-3/h1H,Copy,C#CCl,10.6,,C#CCl
Ethyl formate,"InChI=1S/C3H6O2/c1-2-5-3-4/h3H,2H2,1H3",Copy,CCOC=O,10.61,,CCOC=O
"Butane, 1-chloro-","InChI=1S/C4H9Cl/c1-2-3-4-5/h2-4H2,1H3",Copy,CCCCCl,10.64,,CCCCCl
Methylidyne,InChI=1S/CH/h1H,Copy,[CH],10.64,,
Acetic acid,"InChI=1S/C2H4O2/c1-2(3)4/h1H3,(H,3,4)",Copy,CC(=O)O,10.65,,CC(=O)O
Isobutane,"InChI=1S/C4H10/c1-4(2)3/h4H,1-3H3",Copy,CC(C)C,10.68,,CC(C)C
"Propane, 1-chloro-2-methyl-","InChI=1S/C4H9Cl/c1-4(2)3-5/h4H,3H2,1-2H3",Copy,CC(C)CCl,10.73,,CC(C)CCl
"Propane, 2-nitro-","InChI=1S/C3H7NO2/c1-3(2)4(5)6/h3H,1-2H3",Copy,CC(C)[N+](=O)[O-],10.74,,CC(C)[N+](=O)[O-]
"Methane, bromochloro-",InChI=1S/CH2BrCl/c2-1-3/h1H2,Copy,ClCBr,10.77,,C(Cl)Br
"Propane, 1-nitro-","InChI=1S/C3H7NO2/c1-2-3-4(5)6/h2-3H2,1H3",Copy,CCC[N+](=O)[O-],10.78,,CCC[N+](=O)[O-]
"Propane, 2-chloro-","InChI=1S/C3H7Cl/c1-3(2)4/h3H,1-2H3",Copy,CC(C)Cl,10.78,,CC(C)Cl
"Propane, 1,2-dichloro-","InChI=1S/C3H6Cl2/c1-3(5)2-4/h3H,2H2,1H3",Copy,CC(Cl)CCl,10.8,,CC(CCl)Cl
n-Propyl chloride,"InChI=1S/C3H7Cl/c1-2-3-4/h2-3H2,1H3",Copy,CCCCl,10.8,,CCCCl
Acetyl chloride,InChI=1S/C2H3ClO/c1-2(3)4/h1H3,Copy,CC(=O)Cl,10.82,,CC(=O)Cl
"Silane, chlorotrimethyl-","InChI=1S/C3H9ClSi/c1-5(2,3)4/h1-3H3",Copy,C[Si](C)(C)Cl,10.83,,C[Si](C)(C)Cl
Methyl Alcohol,"InChI=1S/CH4O/c1-2/h2H,1H3",Copy,CO,10.84,,CO
Formaldehyde,InChI=1S/CH2O/c1-2/h1H2,Copy,C=O,10.88,,C=O
"Propane, 1,3-dichloro-",InChI=1S/C3H6Cl2/c4-2-1-3-5/h1-3H2,Copy,ClCCCCl,10.89,,C(CCl)CCl
Nitrosyl chloride,InChI=1S/ClNO/c1-2-3,Copy,O=NCl,10.9,,N(=O)Cl
"Ethane, nitro-","InChI=1S/C2H5NO2/c1-2-3(4)5/h2H2,1H3",Copy,CC[N+](=O)[O-],10.9,,CC[N+](=O)[O-]
2-Propenenitrile,"InChI=1S/C3H3N/c1-2-3-4/h2H,1H2",Copy,C=CC#N,10.91,,C=CC#N
Dichlorine monoxide,InChI=1S/Cl2O/c1-3-2,Copy,ClOCl,10.91,,O(Cl)Cl
Propane,"InChI=1S/C3H8/c1-3-2/h3H2,1-2H3",Copy,CCC,10.94,,CCC
Ethyl Chloride,"InChI=1S/C2H5Cl/c1-2-3/h2H2,1H3",Copy,CCCl,10.98,,CCCl
"Methane, dibromodifluoro-","InChI=1S/CBr2F2/c2-1(3,4)5",Copy,FC(F)(Br)Br,11.03,,C(F)(F)(Br)Br
"Ethane, 1,1-dichloro-","InChI=1S/C2H4Cl2/c1-2(3)4/h2H,1H3",Copy,CC(Cl)Cl,11.04,,CC(Cl)Cl
"Ethane, 1,2-dichloro-",InChI=1S/C2H4Cl2/c3-1-2-4/h1-2H2,Copy,ClCCCl,11.07,,C(CCl)Cl
"Methane, nitro-",InChI=1S/CH3NO2/c1-2(3)4/h1H3,Copy,C[N+](=O)[O-],11.08,,C[N+](=O)[O-]
Carbonyl sulfide,InChI=1S/COS/c2-1-3,Copy,O=C=S,11.18,,C(=O)=S
Chloromethane,InChI=1S/CH3Cl/c1-2/h1H3,Copy,CCl,11.26,,CCl
Carbon monosulfide,InChI=1S/CS/c1-2,Copy,[C-]#[S+],11.33,,[C-]#[S+]
Formic acid,"InChI=1S/CH2O2/c2-1-3/h1H,(H,2,3)",Copy,O=CO,11.33,,C(=O)O
Methylene chloride,InChI=1S/CH2Cl2/c2-1-3/h1H2,Copy,ClCCl,11.33,,C(Cl)Cl
Trichloromethane,InChI=1S/CHCl3/c2-1(3)4/h1H,Copy,ClC(Cl)Cl,11.37,,C(Cl)(Cl)Cl
Dicarbon,InChI=1S/C2/c1-2,Copy,[C+]#[C-],11.4,,C#C
Acetylene,InChI=1S/C2H2/c1-2/h1-2H,Copy,C#C,11.4,,C#C
Bromotrifluoromethane,"InChI=1S/CBrF3/c2-1(3,4)5",Copy,FC(F)(F)Br,11.4,,C(F)(F)(F)Br
"Methylene, difluoro-",InChI=1S/CF2/c2-1-3,Copy,F[C-]=[F+],11.44,,
Carbon Tetrachloride,"InChI=1S/CCl4/c2-1(3,4)5",Copy,ClC(Cl)(Cl)Cl,11.47,,C(Cl)(Cl)(Cl)Cl
Thiazyl fluoride,InChI=1S/C3H2FNS/c4-3-5-1-2-6-3/h1-2H,Copy,Fc1nccs1,11.51,,N#SF
Ethane,InChI=1S/C2H6/c1-2/h1-2H3,Copy,CC,11.52,,CC
"2-Propanone, 1,1,1,3,3,3-hexafluoro-","InChI=1S/C3F6O/c4-2(5,6)1(10)3(7,8)9",Copy,O=C(C(F)(F)F)C(F)(F)F,11.57,,C(=O)(C(F)(F)F)C(F)(F)F
Isocyanic acid,InChI=1S/CHNO/c2-1-3/h2H,Copy,N=C=O,11.595,,C(=N)=O
Ethynyl radical,InChI=1S/C2H/c1-2/h1H,Copy,[C]#C,11.61,,C#[C]
Propiolonitrile,InChI=1S/C3HN/c1-2-3-4/h1H,Copy,C#CC#N,11.62,,C#CC#N
Trichloromonofluoromethane,"InChI=1S/CCl3F/c2-1(3,4)5",Copy,FC(Cl)(Cl)Cl,11.68,,C(F)(Cl)(Cl)Cl
Isocyanato radical,InChI=1S/CNO/c2-1-3,Copy,N#C[O],11.76,,C(=[N])=O
Propanenitrile,"InChI=1S/C3H5N/c1-2-3-4/h2H2,1H3",Copy,CCC#N,11.85,,CCC#N
"Ethane, 1,1-difluoro-","InChI=1S/C2H4F2/c1-2(3)4/h2H,1H3",Copy,CC(F)F,11.865,,CC(F)F
Dichlorodifluoromethane,"InChI=1S/CCl2F2/c2-1(3,4)5",Copy,FC(F)(Cl)Cl,12.0,,C(F)(F)(Cl)Cl
Acetonitrile,InChI=1S/C2H3N/c1-2-3/h1H3,Copy,CC#N,12.2,,CC#N
Difluorochloromethane,InChI=1S/CHClF2/c2-1(3)4/h1H,Copy,FC(F)Cl,12.28,,C(F)(F)Cl
Cyanogen chloride,InChI=1S/CClN/c2-1-3,Copy,N#CCl,12.36,,C(#N)Cl
Methyl fluoride,InChI=1S/CH3F/c1-2/h1H3,Copy,CF,12.5,,CF
Chlorotrifluoromethane,"InChI=1S/CClF3/c2-1(3,4)5",Copy,FC(F)(F)Cl,12.6,,C(F)(F)(F)Cl
Methane,InChI=1S/CH4/h1H4,Copy,C,12.61,,C
Propanedinitrile,InChI=1S/C3H2N2/c4-2-1-3-5/h1H2,Copy,N#CCC#N,12.8,,C(C#N)C#N
Carbonic difluoride,InChI=1S/CF2O/c2-1(3)4,Copy,O=C(F)F,13.04,,C(=O)(F)F
Hydrogen cyanide,InChI=1S/CHN/c1-2/h1H,Copy,C#N,13.6,,C#N
Carbon dioxide,InChI=1S/CO2/c2-1-3,Copy,O=C=O,13.777,,C(=O)=O
"Acetonitrile, trifluoro-","InChI=1S/C2F3N/c3-2(4,5)1-6",Copy,N#CC(F)(F)F,13.93,,C(#N)C(F)(F)F
Carbon monoxide,InChI=1S/CO/c1-2,Copy,[C-]#[O+],14.014,,[C-]#[O+]
Pentacene,InChI=1S/C22H14/c1-2-6-16-10-20-14-22-12-18-8-4-3-7-17(18)11-21(22)13-19(20)9-15(16)5-1/h1-14H,Copy,c1ccc2cc3cc4cc5ccccc5cc4cc3cc2c1,6.63,,C1=CC=C2C=C3C=C4C=C5C=CC=CC5=CC4=CC3=CC2=C1
"1,4-Benzenediamine","InChI=1S/C6H8N2/c7-5-1-2-6(8)4-3-5/h1-4H,7-8H2",Copy,Nc1ccc(N)cc1,6.87,,C1=CC(=CC=C1N)N
"Benzenamine, N,N,4-trimethyl-","InChI=1S/C9H13N/c1-8-4-6-9(7-5-8)10(2)3/h4-7H,1-3H3",Copy,Cc1ccc(N(C)C)cc1,6.93,,CC1=CC=C(C=C1)N(C)C
Benz[a]anthracene,InChI=1S/C18H12/c1-2-7-15-12-18-16(11-14(15)6-1)10-9-13-5-3-4-8-17(13)18/h1-12H,Copy,c1ccc2cc3c(ccc4ccccc43)cc2c1,"7.45,7.60",,C1=CC=C2C(=C1)C=CC3=CC4=CC=CC=C4C=C32
o-Toluidine,"InChI=1S/C7H9N/c1-6-4-2-3-5-7(6)8/h2-5H,8H2,1H3",Copy,Cc1ccccc1N,7.47,,CC1=CC=CC=C1N
Picene,InChI=1S/C22H14/c1-3-7-17-15(5-1)9-11-21-19(17)13-14-20-18-8-4-2-6-16(18)10-12-22(20)21/h1-14H,Copy,c1ccc2c(c1)ccc1c2ccc2c3ccccc3ccc21,7.51,,C1=CC=C2C(=C1)C=CC3=C2C=CC4=C3C=CC5=CC=CC=C54
"Indole, 3-methyl-","InChI=1S/C9H9N/c1-7-6-10-9-5-3-2-4-8(7)9/h2-6,10H,1H3",Copy,Cc1c[nH]c2ccccc12,7.514,,CC1=CNC2=CC=CC=C12
Triethylamine,"InChI=1S/C6H15N/c1-4-7(5-2)6-3/h4-6H2,1-3H3",Copy,CCN(CC)CC,7.53,,CCN(CC)CC
"Benzenamine, 3-methyl-","InChI=1S/C7H9N/c1-6-3-2-4-7(8)5-6/h2-5H,8H2,1H3",Copy,Cc1cccc(N)c1,7.54,,CC1=CC(=CC=C1)N
"Benzene, 1,4-dimethoxy-","InChI=1S/C8H10O2/c1-9-7-3-5-8(10-2)6-4-7/h3-6H,1-2H3",Copy,COc1ccc(OC)cc1,7.56,,COC1=CC=C(C=C1)OC
Biphenylene,InChI=1S/C12H8/c1-2-6-10-9(5-1)11-7-3-4-8-12(10)11/h1-8H,Copy,c1ccc2c(c1)-c1ccccc1-2,7.58,,C1=CC2=C3C=CC=CC3=C2C=C1
"1,2-Ethanediamine, N,N,N',N'-tetramethyl-","InChI=1S/C6H16N2/c1-7(2)5-6-8(3)4/h5-6H2,1-4H3",Copy,CN(C)CCN(C)C,7.59,,CN(C)CCN(C)C
Dibenzo-p-dioxin,InChI=1S/C12H8O2/c1-2-6-10-9(5-1)13-11-7-3-4-8-12(11)14-10/h1-8H,Copy,c1ccc2c(c1)Oc1ccccc1O2,7.598,,C1=CC=C2C(=C1)OC3=CC=CC=C3O2
Chrysene,InChI=1S/C18H12/c1-3-7-15-13(5-1)9-11-18-16-8-4-2-6-14(16)10-12-17(15)18/h1-12H,Copy,c1ccc2c(c1)ccc1c3ccccc3ccc21,"7.6,8.0",,C1=CC=C2C(=C1)C=CC3=C2C=CC4=CC=CC=C43
(E)-Stilbene,InChI=1S/C14H12/c1-3-7-13(8-4-1)11-12-14-9-5-2-6-10-14/h1-12H/b12-11+,Copy,C(=C/c1ccccc1)\c1ccccc1,7.656,,C1=CC=C(C=C1)/C=C/C2=CC=CC=C2
"1H-Indole, 2-methyl-","InChI=1S/C9H9N/c1-7-6-8-4-2-3-5-9(8)10-7/h2-6,10H,1H3",Copy,Cc1cc2ccccc2[nH]1,7.671,,CC1=CC2=CC=CC=C2N1
"Benzenemethanamine, N,N-dimethyl-","InChI=1S/C9H13N/c1-10(2)8-9-6-4-3-5-7-9/h3-7H,8H2,1-2H3",Copy,CN(C)Cc1ccccc1,7.69,,CN(C)CC1=CC=CC=C1
"Hydrazine, methyl-","InChI=1S/CH6N2/c1-3-2/h3H,2H2,1H3",Copy,CNN,7.7,,CNN
"1H-Indole, 7-methyl-","InChI=1S/C9H9N/c1-7-3-2-4-8-5-6-10-9(7)8/h2-6,10H,1H3",Copy,Cc1cccc2cc[nH]c12,7.714,,CC1=C2C(=CC=C1)C=CN2
Aniline,"InChI=1S/C6H7N/c7-6-4-2-1-3-5-6/h1-5H,7H2",Copy,Nc1ccccc1,7.72,,C1=CC=C(C=C1)N
"Methanediamine, N,N,N',N'-tetramethyl-","InChI=1S/C5H14N2/c1-6(2)5-7(3)4/h5H2,1-4H3",Copy,CN(C)CN(C)C,7.74,,CN(C)CN(C)C
Acenaphthene,"InChI=1S/C12H10/c1-3-9-4-2-6-11-8-7-10(5-1)12(9)11/h1-6H,7-8H2",Copy,c1cc2c3c(cccc3c1)CC2,7.75,,C1CC2=CC=CC3=C2C1=CC=C3
1-Naphthalenol,"InChI=1S/C10H8O/c11-10-7-3-5-8-4-1-2-6-9(8)10/h1-7,11H",Copy,Oc1cccc2ccccc12,7.76,,C1=CC=C2C(=C1)C=CC=C2O
Indole,"InChI=1S/C8H7N/c1-2-4-8-7(3-1)5-6-9-8/h1-6,9H",Copy,c1ccc2[nH]ccc2c1,7.7602,,C1=CC=C2C(=C1)C=CN2
p-Terphenyl,InChI=1S/C18H14/c1-3-7-15(8-4-1)17-11-13-18(14-12-17)16-9-5-2-6-10-16/h1-14H,Copy,c1ccc(-c2ccc(-c3ccccc3)cc2)cc1,7.8,,C1=CC=C(C=C1)C2=CC=C(C=C2)C3=CC=CC=C3
Diphenyl sulfide,InChI=1S/C12H10S/c1-3-7-11(8-4-1)13-12-9-5-2-6-10-12/h1-10H,Copy,c1ccc(Sc2ccccc2)cc1,7.85,,C1=CC=C(C=C1)SC2=CC=CC=C2
"Methylamine, N,N-dimethyl-",InChI=1S/C3H9N/c1-4(2)3/h1-3H3,Copy,CN(C)C,7.85,,CN(C)C
"Benzene, hexamethyl-",InChI=1S/C12H18/c1-7-8(2)10(4)12(6)11(5)9(7)3/h1-6H3,Copy,Cc1c(C)c(C)c(C)c(C)c1C,7.85,,CC1=C(C(=C(C(=C1C)C)C)C)C
2-Naphthalenol,"InChI=1S/C10H8O/c11-10-6-5-8-3-1-2-4-9(8)7-10/h1-7,11H",Copy,Oc1ccc2ccccc2c1,7.87,,C1=CC=C2C=C(C=CC2=C1)O
Triphenylene,InChI=1S/C18H12/c1-2-8-14-13(7-1)15-9-3-4-11-17(15)18-12-6-5-10-16(14)18/h1-12H,Copy,c1ccc2c(c1)c1ccccc1c1ccccc21,7.87,,C1=CC=C2C(=C1)C3=CC=CC=C3C4=CC=CC=C24
Phenanthrene,InChI=1S/C14H10/c1-3-7-13-11(5-1)9-10-12-6-2-4-8-14(12)13/h1-10H,Copy,c1ccc2c(c1)ccc1ccccc12,7.891,,C1=CC=C2C(=C1)C=CC3=CC=CC=C32
"Benzene, 1-methoxy-4-methyl-","InChI=1S/C8H10O/c1-7-3-5-8(9-2)6-4-7/h3-6H,1-2H3",Copy,COc1ccc(C)cc1,7.9,,CC1=CC=C(C=C1)OC
2-Methylpiperidine,"InChI=1S/C6H13N/c1-6-4-2-3-5-7-6/h6-7H,2-5H2,1H3",Copy,CC1CCCCN1,7.9,,CC1CCCCN1
Fluoranthene,InChI=1S/C16H10/c1-2-8-13-12(7-1)14-9-3-5-11-6-4-10-15(13)16(11)14/h1-10H,Copy,c1ccc2c(c1)-c1cccc3cccc-2c13,7.9,,C1=CC=C2C(=C1)C3=CC=CC4=C3C2=CC=C4
Fluorene,"InChI=1S/C13H10/c1-3-7-12-10(5-1)9-11-6-2-4-8-13(11)12/h1-8H,9H2",Copy,c1ccc2c(c1)Cc1ccccc1-2,7.91,,C1C2=CC=CC=C2C3=CC=CC=C31
"Naphthalene, 2-methyl-","InChI=1S/C11H10/c1-9-6-7-10-4-2-3-5-11(10)8-9/h2-8H,1H3",Copy,Cc1ccc2ccccc2c1,7.91,,CC1=CC2=CC=CC=C2C=C1
"Benzene, (methylthio)-","InChI=1S/C7H8S/c1-8-7-5-3-2-4-6-7/h2-6H,1H3",Copy,CSc1ccccc1,7.94,,CSC1=CC=CC=C1
Hydroquinone,"InChI=1S/C6H6O2/c7-5-1-2-6(8)4-3-5/h1-4,7-8H",Copy,Oc1ccc(O)cc1,7.94,,C1=CC(=CC=C1O)O
Diphenylacetylene,InChI=1S/C14H10/c1-3-7-13(8-4-1)11-12-14-9-5-2-6-10-14/h1-10H,Copy,C(#Cc1ccccc1)c1ccccc1,7.94,,C1=CC=C(C=C1)C#CC2=CC=CC=C2
Perylene,InChI=1S/C20H12/c1-5-13-6-2-11-17-18-12-4-8-14-7-3-10-16(20(14)18)15(9-1)19(13)17/h1-12H,Copy,c1cc2cccc3c4cccc5cccc(c(c1)c23)c54,6.96,,C1=CC2=C3C(=C1)C4=CC=CC5=C4C(=CC=C5)C3=CC=C2
Naphthacene,InChI=1S/C18H12/c1-2-6-14-10-18-12-16-8-4-3-7-15(16)11-17(18)9-13(14)5-1/h1-12H,Copy,c1ccc2cc3cc4ccccc4cc3cc2c1,6.97,,C1=CC=C2C=C3C=C4C=CC=CC4=CC3=CC2=C1
"N,N-Diethylaniline","InChI=1S/C10H15N/c1-3-11(4-2)10-8-6-5-7-9-10/h5-9H,3-4H2,1-2H3",Copy,CCN(CC)c1ccccc1,6.98,,CCN(CC)C1=CC=CC=C1
2-Naphthalenamine,"InChI=1S/C10H9N/c11-10-6-5-8-3-1-2-4-9(8)7-10/h1-7H,11H2",Copy,Nc1ccc2ccccc2c1,7.1,,C1=CC=C2C=C(C=CC2=C1)N
"Benzenamine, N,N-dimethyl-","InChI=1S/C8H11N/c1-9(2)8-6-4-3-5-7-8/h3-7H,1-2H3",Copy,CN(C)c1ccccc1,7.12,,CN(C)C1=CC=CC=C1
Benzo[a]pyrene,InChI=1S/C20H12/c1-2-7-17-15(4-1)12-16-9-8-13-5-3-6-14-10-11-18(17)20(16)19(13)14/h1-12H,Copy,c1ccc2c(c1)cc1ccc3cccc4ccc2c1c34,7.12,,C1=CC=C2C3=C4C(=CC2=C1)C=CC5=C4C(=CC=C5)C=C3
Benzo[ghi]perylene,InChI=1S/C22H12/c1-3-13-7-9-15-11-12-16-10-8-14-4-2-6-18-17(5-1)19(13)21(15)22(16)20(14)18/h1-12H,Copy,c1cc2ccc3ccc4ccc5cccc6c(c1)c2c3c4c56,7.17,,C1=CC2=C3C(=C1)C4=CC=CC5=C4C6=C(C=C5)C=CC(=C36)C=C2
Diphenylamine,"InChI=1S/C12H11N/c1-3-7-11(8-4-1)13-12-9-5-2-6-10-12/h1-10,13H",Copy,c1ccc(Nc2ccccc2)cc1,7.19,,C1=CC=C(C=C1)NC2=CC=CC=C2
Benzyl radical,"InChI=1S/C7H7/c1-7-5-3-2-4-6-7/h2-6H,1H2",Copy,C=C1[CH]C=CC=C1,7.242,,[CH2]C1=CC=CC=C1
Coronene,InChI=1S/C24H12/c1-2-14-5-6-16-9-11-18-12-10-17-8-7-15-4-3-13(1)19-20(14)22(16)24(18)23(17)21(15)19/h1-12H,Copy,c1cc2ccc3ccc4ccc5ccc6ccc1c1c2c3c4c5c61,7.29,,C1=CC2=C3C4=C1C=CC5=C4C6=C(C=C5)C=CC7=C6C3=C(C=C2)C=C7
"Hydrazine, 1,1-dimethyl-","InChI=1S/C2H8N2/c1-4(2)3/h3H2,1-2H3",Copy,CN(C)N,7.29,,CN(C)N
"Benzaldehyde, 4-(dimethylamino)-","InChI=1S/C9H11NO/c1-10(2)9-5-3-8(7-11)4-6-9/h3-7H,1-2H3",Copy,CN(C)c1ccc(C=O)cc1,7.3,,CN(C)C1=CC=C(C=C1)C=O
"Aniline, N-methyl-","InChI=1S/C7H9N/c1-8-7-5-3-2-4-6-7/h2-6,8H,1H3",Copy,CNc1ccccc1,7.32,,CNC1=CC=CC=C1
Triethylenediamine,InChI=1S/C6H12N2/c1-2-8-5-3-7(1)4-6-8/h1-6H2,Copy,C1CN2CCN1CC2,7.321,,C1CN2CCN1CC2
"2,6-Xylidine","InChI=1S/C8H11N/c1-6-4-3-5-7(2)8(6)9/h3-5H,9H2,1-2H3",Copy,Cc1cccc(C)c1N,7.33,,CC1=C(C(=CC=C1)C)N
"Dibenz[a,h]anthracene",InChI=1S/C22H14/c1-3-7-19-15(5-1)9-11-17-14-22-18(13-21(17)19)12-10-16-6-2-4-8-20(16)22/h1-14H,Copy,c1ccc2c(c1)ccc1cc3c(ccc4ccccc43)cc12,7.39,,C1=CC=C2C(=C1)C=CC3=CC4=C(C=CC5=CC=CC=C54)C=C32
"Disulfide, dimethyl",InChI=1S/C2H6S2/c1-3-4-2/h1-2H3,Copy,CSSC,7.4,,CSSC
Azulene,InChI=1S/C10H8/c1-2-5-9-7-4-8-10(9)6-3-1/h1-8H,Copy,c1ccc2cccc-2cc1,7.42,,C1=CC=C2C=CC=C2C=C1
"Benzenamine, N,N,2-trimethyl-","InChI=1S/C9H13N/c1-8-6-4-5-7-9(8)10(2)3/h4-7H,1-3H3",Copy,Cc1ccccc1N(C)C,7.42,,CC1=CC=CC=C1N(C)C
Pyrene,InChI=1S/C16H10/c1-3-11-7-9-13-5-2-6-14-10-8-12(4-1)15(11)16(13)14/h1-10H,Copy,c1cc2ccc3cccc4ccc(c1)c2c34,7.426,,C1=CC2=C3C(=C1)C=CC4=CC=CC(=C43)C=C2
Anthracene,InChI=1S/C14H10/c1-2-6-12-10-14-8-4-3-7-13(14)9-11(12)5-1/h1-10H,Copy,c1ccc2cc3ccccc3cc2c1,7.439,,C1=CC=C2C=C3C=CC=CC3=CC2=C1
"Naphthalene, 1-methyl-","InChI=1S/C11H10/c1-9-5-4-7-10-6-2-3-8-11(9)10/h2-8H,1H3",Copy,Cc1cccc2ccccc12,7.96,,CC1=CC=CC2=CC=CC=C12
o-Terphenyl,InChI=1S/C18H14/c1-3-9-15(10-4-1)17-13-7-8-14-18(17)16-11-5-2-6-12-16/h1-14H,Copy,c1ccc(-c2ccccc2-c2ccccc2)cc1,7.99,,C1=CC=C(C=C1)C2=CC=CC=C2C3=CC=CC=C3
m-Terphenyl,InChI=1S/C18H14/c1-3-8-15(9-4-1)17-12-7-13-18(14-17)16-10-5-2-6-11-16/h1-14H,Copy,c1ccc(-c2cccc(-c3ccccc3)c2)cc1,8.02,,C1=CC=C(C=C1)C2=CC(=CC=C2)C3=CC=CC=C3
Piperidine,"InChI=1S/C5H11N/c1-2-4-6-5-3-1/h6H,1-5H2",Copy,C1CCNCC1,8.03,,C1CCNCC1
"Benzene, 1,2,4,5-tetramethyl-","InChI=1S/C10H14/c1-7-5-9(3)10(4)6-8(7)2/h5-6H,1-4H3",Copy,Cc1cc(C)c(C)cc1C,8.06,,CC1=CC(=C(C=C1C)C)C
"Naphthalene, 1-bromo-",InChI=1S/C10H7Br/c11-10-7-3-5-8-4-1-2-6-9(8)10/h1-7H,Copy,Brc1cccc2ccccc12,8.08,,C1=CC=C2C(=C1)C=CC=C2Br
Trichloromethyl radical,InChI=1S/CCl3/c2-1(3)4,Copy,Cl[C](Cl)Cl,8.109,,[C](Cl)(Cl)Cl
Acenaphthylene,InChI=1S/C12H8/c1-3-9-4-2-6-11-8-7-10(5-1)12(9)11/h1-8H,Copy,C1=Cc2cccc3cccc1c23,8.12,,C1=CC2=C3C(=C1)C=CC3=CC=C2
Formyl radical,InChI=1S/CHO/c1-2/h1H,Copy,[CH]=O,8.12,,[CH]=O
"Benzene, 1-bromo-4-methoxy-","InChI=1S/C7H7BrO/c1-9-7-4-2-6(8)3-5-7/h2-5H,1H3",Copy,COc1ccc(Br)cc1,8.13,,COC1=CC=C(C=C1)Br
Indene,"InChI=1S/C9H8/c1-2-5-9-7-3-6-8(9)4-1/h1-6H,7H2",Copy,C1=Cc2ccccc2C1,8.14,,C1C=CC2=CC=CC=C21
Naphthalene,InChI=1S/C10H8/c1-2-6-10-8-4-3-7-9(10)5-1/h1-8H,Copy,c1ccc2ccccc2c1,8.144,,C1=CC=C2C=CC=CC2=C1
Biphenyl,InChI=1S/C12H10/c1-3-7-11(8-4-1)12-9-5-2-6-10-12/h1-10H,Copy,c1ccc(-c2ccccc2)cc1,8.16,,C1=CC=C(C=C1)C2=CC=CC=C2
Benzo[b]thiophene,InChI=1S/C8H6S/c1-2-4-8-7(3-1)5-6-9-8/h1-6H,Copy,c1ccc2sccc2c1,8.17,,C1=CC=C2C(=C1)C=CS2
Anisole,"InChI=1S/C7H8O/c1-8-7-5-3-2-4-6-7/h2-6H,1H3",Copy,COc1ccccc1,8.2,,COC1=CC=CC=C1
Diisopropyl sulfide,"InChI=1S/C6H14S/c1-5(2)7-6(3)4/h5-6H,1-4H3",Copy,CC(C)SC(C)C,8.2,,CC(C)SC(C)C
Pyrrole,InChI=1S/C4H5N/c1-2-4-5-3-1/h1-5H,Copy,c1cc[nH]c1,8.207,,C1=CNC=C1
Dimethylamine,"InChI=1S/C2H7N/c1-3-2/h3H,1-2H3",Copy,CNC,8.24,,CNC
"2-Butene, 2,3-dimethyl-",InChI=1S/C6H12/c1-5(2)6(3)4/h1-4H3,Copy,CC(C)=C(C)C,8.27,,CC(=C(C)C)C
"Benzene, 1,2,4-trimethyl-","InChI=1S/C9H12/c1-7-4-5-8(2)9(3)6-7/h4-6H,1-3H3",Copy,Cc1ccc(C)c(C)c1,8.27,,CC1=CC(=C(C=C1)C)C
"Phenol, 3-methyl-","InChI=1S/C7H8O/c1-6-3-2-4-7(8)5-6/h2-5,8H,1H3",Copy,Cc1cccc(O)c1,8.29,,CC1=CC(=CC=C1)O
Benzenethiol,"InChI=1S/C6H6S/c7-6-4-2-1-3-5-6/h1-5,7H",Copy,Sc1ccccc1,8.3,,C1=CC=C(C=C1)S
p-Cresol,"InChI=1S/C7H8O/c1-6-2-4-7(8)5-3-6/h2-5,8H,1H3",Copy,Cc1ccc(O)cc1,8.34,,CC1=CC=C(C=C1)O
"2H-Pyran, 3,4-dihydro-","InChI=1S/C5H8O/c1-2-4-6-5-3-1/h2,4H,1,3,5H2",Copy,C1=COCCC1,8.35,,C1CC=COC1
Ethanethioamide,"InChI=1S/C2H5NS/c1-2(3)4/h1H3,(H2,3,4)",Copy,CC(=N)S,8.35,,CC(=S)N
Benzofuran,InChI=1S/C8H6O/c1-2-4-8-7(3-1)5-6-9-8/h1-6H,Copy,c1ccc2occc2c1,8.36,,C1=CC=C2C(=C1)C=CO2
"2,5-Norbornadiene","InChI=1S/C7H8/c1-2-7-4-3-6(1)5-7/h1-4,6-7H,5H2",Copy,C1=CC2C=CC1C2,8.38,,C1C2C=CC1C=C2
"Furan, 2-methyl-","InChI=1S/C5H6O/c1-5-3-2-4-6-5/h2-4H,1H3",Copy,Cc1ccco1,8.38,,CC1=CC=CO1
Mesitylene,"InChI=1S/C9H12/c1-7-4-8(2)6-9(3)5-7/h4-6H,1-3H3",Copy,Cc1cc(C)cc(C)c1,8.4,,CC1=CC(=CC(=C1)C)C
"1,3-Cyclopentadiene, 1-methyl-","InChI=1S/C6H8/c1-6-4-2-3-5-6/h2-4H,5H2,1H3",Copy,CC1=CC=CC1,8.4,,CC1=CC=CC1
Diethyl sulfide,"InChI=1S/C4H10S/c1-3-5-4-2/h3-4H2,1-2H3",Copy,CCSCC,8.42,,CCSCC
"Benzene, 1,2,3-trimethyl-","InChI=1S/C9H12/c1-7-5-4-6-8(2)9(7)3/h4-6H,1-3H3",Copy,Cc1cccc(C)c1C,8.42,,CC1=C(C(=CC=C1)C)C
p-Xylene,"InChI=1S/C8H10/c1-7-3-5-8(2)6-4-7/h3-6H,1-2H3",Copy,Cc1ccc(C)cc1,8.44,,CC1=CC=C(C=C1)C
2(1H)-Pyridinone,"InChI=1S/C5H5NO/c7-5-3-1-2-4-6-5/h1-4H,(H,6,7)",Copy,Oc1ccccn1,8.448,,C1=CC(=O)NC=C1
"Naphthalene, 1,2,3,4-tetrahydro-","InChI=1S/C10H12/c1-2-6-10-8-4-3-7-9(10)5-1/h1-2,5-6H,3-4,7-8H2",Copy,c1ccc2c(c1)CCCC2,8.46,,C1CCC2=CC=CC=C2C1
Styrene,"InChI=1S/C8H8/c1-2-8-6-4-3-5-7-8/h2-7H,1H2",Copy,C=Cc1ccccc1,8.464,,C=CC1=CC=CC=C1
Phenol,"InChI=1S/C6H6O/c7-6-4-2-1-3-5-6/h1-5,7H",Copy,Oc1ccccc1,8.49,,C1=CC=C(C=C1)O
Isoquinoline,InChI=1S/C9H7N/c1-2-4-9-7-10-6-5-8(9)3-1/h1-7H,Copy,c1ccc2cnccc2c1,8.53,,C1=CC=C2C=NC=CC2=C1
"Benzene, 1,3-dimethyl-","InChI=1S/C8H10/c1-7-4-3-5-8(2)6-7/h3-6H,1-2H3",Copy,Cc1cccc(C)c1,8.55,,CC1=CC(=CC=C1)C
"Ethane, (methylthio)-","InChI=1S/C3H8S/c1-3-4-2/h3H2,1-2H3",Copy,CCSC,8.55,,CCSC
Cubane,InChI=1S/C8H8/c1-2-5-3(1)7-4(1)6(2)8(5)7/h1-8H,Copy,C12C3C4C1C1C2C3C41,8.6,,C12C3C4C1C5C2C3C45
"Benzene, 1-bromo-2-methyl-","InChI=1S/C7H7Br/c1-6-4-2-3-5-7(6)8/h2-5H,1H3",Copy,Cc1ccccc1Br,8.56,,CC1=CC=CC=C1Br
o-Xylene,"InChI=1S/C8H10/c1-7-5-3-4-6-8(7)2/h3-6H,1-2H3",Copy,Cc1ccccc1C,8.56,,CC1=CC=CC=C1C
"1,3-Cyclopentadiene","InChI=1S/C5H6/c1-2-4-5-3-1/h1-4H,5H2",Copy,C1=CCC=C1,8.57,,C1C=CC=C1
"1,3-Pentadiene, (E)-","InChI=1S/C5H8/c1-3-5-4-2/h3-5H,1H2,2H3/b5-4+",Copy,C=C/C=C/C,8.59,,C/C=C/C=C
"1,3-Pentadiene, (Z)-","InChI=1S/C5H8/c1-3-5-4-2/h3-5H,1H2,2H3/b5-4-",Copy,C=C/C=C\C,8.62,,C/C=C\C=C
Quinoline,InChI=1S/C9H7N/c1-2-6-9-8(4-1)5-3-7-10-9/h1-7H,Copy,c1ccc2ncccc2c1,8.63,,C1=CC=C2C(=C1)C=CC=N2
"Phenol, 3-chloro-","InChI=1S/C6H5ClO/c7-5-2-1-3-6(8)4-5/h1-4,8H",Copy,Oc1cccc(Cl)c1,8.655,,C1=CC(=CC(=C1)Cl)O
"Benzene, 1-bromo-4-methyl-","InChI=1S/C7H7Br/c1-6-2-4-7(8)5-3-6/h2-5H,1H3",Copy,Cc1ccc(Br)cc1,8.68,,CC1=CC=C(C=C1)Br
"Benzene, (1-methylpropyl)-","InChI=1S/C10H14/c1-3-9(2)10-7-5-4-6-8-10/h4-9H,3H2,1-2H3",Copy,CCC(C)c1ccccc1,8.68,,CCC(C)C1=CC=CC=C1
"Benzene, tert-butyl-","InChI=1S/C10H14/c1-10(2,3)9-7-5-4-6-8-9/h4-8H,1-3H3",Copy,CC(C)(C)c1ccccc1,8.68,,CC(C)(C)C1=CC=CC=C1
"Benzene, n-butyl-","InChI=1S/C10H14/c1-2-3-7-10-8-5-4-6-9-10/h4-6,8-9H,2-3,7H2,1H3",Copy,CCCCc1ccccc1,8.69,,CCCCC1=CC=CC=C1
"Benzene, 1-chloro-4-methyl-","InChI=1S/C7H7Cl/c1-6-2-4-7(8)5-3-6/h2-5H,1H3",Copy,Cc1ccc(Cl)cc1,8.69,,CC1=CC=C(C=C1)Cl
"2-Butene, 2-methyl-","InChI=1S/C5H10/c1-4-5(2)3/h4H,1-3H3",Copy,CC=C(C)C,8.69,,CC=C(C)C
Dimethyl sulfide,InChI=1S/C2H6S/c1-3-2/h1-2H3,Copy,CSC,8.69,,CSC
Bicyclo[1.1.0]butane,"InChI=1S/C4H6/c1-3-2-4(1)3/h3-4H,1-2H2",Copy,C1C2CC12,8.7,,C1C2C1C2
"Benzene, propyl-","InChI=1S/C9H12/c1-2-6-9-7-4-3-5-8-9/h3-5,7-8H,2,6H2,1H3",Copy,CCCc1ccccc1,8.713,,CCCC1=CC=CC=C1
"Benzene, iodo-",InChI=1S/C6H5I/c7-6-4-2-1-3-5-6/h1-5H,Copy,Ic1ccccc1,8.72,,C1=CC=C(C=C1)I
"Benzene, 1-chloro-2-methyl-","InChI=1S/C7H7Cl/c1-6-4-2-3-5-7(6)8/h2-5H,1H3",Copy,Cc1ccccc1Cl,8.72,,CC1=CC=CC=C1Cl
1-Butanamine,"InChI=1S/C4H11N/c1-2-3-4-5/h2-5H2,1H3",Copy,CCCCN,8.73,,CCCCN
"Benzene, (1-methylethyl)-","InChI=1S/C9H12/c1-8(2)9-6-4-3-5-7-9/h3-8H,1-2H3",Copy,CC(C)c1ccccc1,8.73,,CC(C)C1=CC=CC=C1
Pyridazine,InChI=1S/C4H4N2/c1-2-4-6-5-3-1/h1-4H,Copy,c1ccnnc1,8.74,,C1=CC=NN=C1
"Thiophene, 2-chloro-",InChI=1S/C4H3ClS/c5-4-2-1-3-6-4/h1-3H,Copy,Clc1cccs1,8.74,,C1=CSC(=C1)Cl
Ethylbenzene,"InChI=1S/C8H10/c1-2-8-6-4-3-5-7-8/h3-7H,2H2,1H3",Copy,CCc1ccccc1,8.77,,CCC1=CC=CC=C1
"Benzene, isocyanato-",InChI=1S/C7H5NO/c9-6-8-7-4-2-1-3-5-7/h1-5H,Copy,O=C=Nc1ccccc1,8.77,,C1=CC=C(C=C1)N=C=O
"Benzene, 1-fluoro-4-methyl-","InChI=1S/C7H7F/c1-6-2-4-7(8)5-3-6/h2-5H,1H3",Copy,Cc1ccc(F)cc1,8.79,,CC1=CC=C(C=C1)F
"Benzoic acid, phenyl ester",InChI=1S/C13H10O2/c14-13(11-7-3-1-4-8-11)15-12-9-5-2-6-10-12/h1-10H,Copy,O=C(Oc1ccccc1)c1ccccc1,8.8,,C1=CC=C(C=C1)C(=O)OC2=CC=CC=C2
1H-Imidazole,"InChI=1S/C3H4N2/c1-2-5-3-4-1/h1-3H,(H,4,5)",Copy,c1c[nH]cn1,8.81,,C1=CN=CN1
"Benzene, 1,4-dibromo-",InChI=1S/C6H4Br2/c7-5-1-2-6(8)4-3-5/h1-4H,Copy,Brc1ccc(Br)cc1,8.82,,C1=CC(=CC=C1Br)Br
Anthrone,"InChI=1S/C14H10O/c15-14-12-7-3-1-5-10(12)9-11-6-2-4-8-13(11)14/h1-8H,9H2",Copy,O=C1c2ccccc2Cc2ccccc21,8.82,,C1C2=CC=CC=C2C(=O)C3=CC=CC=C31
Toluene,"InChI=1S/C7H8/c1-7-5-3-2-4-6-7/h2-6H,1H3",Copy,Cc1ccccc1,8.828,,CC1=CC=CC=C1
Acetylacetone,"InChI=1S/C5H8O2/c1-4(6)3-5(2)7/h3H2,1-2H3",Copy,CC(=O)CC(C)=O,8.85,,CC(=O)CC(=O)C
"2,6-Lutidine","InChI=1S/C7H9N/c1-6-4-3-5-7(2)8-6/h3-5H,1-2H3",Copy,Cc1cccc(C)n1,8.86,,CC1=NC(=CC=C1)C
Thiophene,InChI=1S/C4H4S/c1-2-4-5-3-1/h1-4H,Copy,c1ccsc1,8.86,,C1=CSC=C1
Isoprene,"InChI=1S/C5H8/c1-4-5(2)3/h4H,1-2H2,3H3",Copy,C=CC(=C)C,8.86,,CC(=C)C=C
Perfluoronaphthalene,InChI=1S/C10F8/c11-3-1-2(5(13)9(17)7(3)15)6(14)10(18)8(16)4(1)12,Copy,Fc1c(F)c(F)c2c(F)c(F)c(F)c(F)c2c1F,8.87,,C12=C(C(=C(C(=C1F)F)F)F)C(=C(C(=C2F)F)F)F
Furan,InChI=1S/C4H4O/c1-2-4-5-3-1/h1-4H,Copy,c1ccoc1,8.88,,C1=COC=C1
Di-tert-Butyl ether,"InChI=1S/C8H18O/c1-7(2,3)9-8(4,5)6/h1-6H3",Copy,CC(C)(C)OC(C)(C)C,8.88,,CC(C)(C)OC(C)(C)C
"Stannane, tetramethyl-",InChI=1S/4CH3.Sn/h4*1H3;,Copy,[CH3].[CH3].[CH3].[CH3].[Sn],8.89,,C[Sn](C)(C)C
Methylamine,"InChI=1S/CH5N/c1-2/h2H2,1H3",Copy,CN,8.9,,CN
"Benzene, 1-fluoro-3-methyl-","InChI=1S/C7H7F/c1-6-3-2-4-7(8)5-6/h2-5H,1H3",Copy,Cc1cccc(F)c1,8.91,,CC1=CC(=CC=C1)F
"Benzene, 1-fluoro-2-methyl-","InChI=1S/C7H7F/c1-6-4-2-3-5-7(6)8/h2-5H,1H3",Copy,Cc1ccccc1F,8.91,,CC1=CC=CC=C1F
"Benzene, 1,4-dichloro-",InChI=1S/C6H4Cl2/c7-5-1-2-6(8)4-3-5/h1-4H,Copy,Clc1ccc(Cl)cc1,8.92,,C1=CC(=CC=C1Cl)Cl
Cyclohexene,"InChI=1S/C6H10/c1-2-4-6-5-3-1/h1-2H,3-6H2",Copy,C1=CCCCC1,8.95,,C1CCC=CC1
"Ethene, methoxy-","InChI=1S/C3H6O/c1-3-4-2/h3H,1H2,2H3",Copy,C=COC,8.95,,COC=C
"3-Pentanone, 2,4-dimethyl-","InChI=1S/C7H14O/c1-5(2)7(8)6(3)4/h5-6H,1-4H3",Copy,CC(C)C(=O)C(C)C,8.96,,CC(C)C(=O)C(C)C
"2-Hexene, (E)-","InChI=1S/C6H12/c1-3-5-6-4-2/h3,5H,4,6H2,1-2H3/b5-3+",Copy,C/C=C/CCC,8.97,,CCC/C=C/C
"2-Pentene, 4-methyl-, (E)-","InChI=1S/C6H12/c1-4-5-6(2)3/h4-6H,1-3H3/b5-4+",Copy,C/C=C/C(C)C,8.97,,C/C=C/C(C)C
"2-Hexene, (Z)-","InChI=1S/C6H12/c1-3-5-6-4-2/h3,5H,4,6H2,1-2H3/b5-3-",Copy,C/C=C\CCC,8.97,,CCC/C=C\C
tert-Butyl iodide,"InChI=1S/C4H9I/c1-4(2,3)5/h1-3H3",Copy,CC(C)(C)I,8.98,,CC(C)(C)I
"2-Pentene, 4-methyl-, (Z)-","InChI=1S/C6H12/c1-4-5-6(2)3/h4-6H,1-3H3/b5-4-",Copy,C/C=C\C(C)C,8.98,,C/C=C\C(C)C
"Benzene, (bromomethyl)-","InChI=1S/C7H7Br/c8-6-7-4-2-1-3-5-7/h1-5H,6H2",Copy,BrCc1ccccc1,8.99,,C1=CC=C(C=C1)CBr
"Methane, diazo-",InChI=1S/CH2N2/c1-3-2/h1H2,Copy,C=[N+]=[N-],8.999,,C=[N+]=[N-]
"Benzene, bromo-",InChI=1S/C6H5Br/c7-6-4-2-1-3-5-6/h1-5H,Copy,Brc1ccccc1,9.0,,C1=CC=C(C=C1)Br
"Benzene, hexachloro-",InChI=1S/C6Cl6/c7-1-2(8)4(10)6(12)5(11)3(1)9,Copy,Clc1c(Cl)c(Cl)c(Cl)c(Cl)c1Cl,9.0,,C1(=C(C(=C(C(=C1Cl)Cl)Cl)Cl)Cl)Cl
1-Penten-3-yne,"InChI=1S/C5H6/c1-3-5-4-2/h3H,1H2,2H3",Copy,C=CC#CC,9.0,,CC#CC=C
"Benzene, 1,3-dibromo-",InChI=1S/C6H4Br2/c7-5-2-1-3-6(8)4-5/h1-4H,Copy,Brc1cccc(Br)c1,9.01,,C1=CC(=CC(=C1)Br)Br
"4-Heptanone, 2,6-dimethyl-","InChI=1S/C9H18O/c1-7(2)5-9(10)6-8(3)4/h7-8H,5-6H2,1-4H3",Copy,CC(C)CC(=O)CC(C)C,9.01,,CC(C)CC(=O)CC(C)C
Cyclopentene,"InChI=1S/C5H8/c1-2-4-5-3-1/h1-2H,3-5H2",Copy,C1=CCCC1,9.01,,C1CC=CC1
"2-Pentene, (Z)-","InChI=1S/C5H10/c1-3-5-4-2/h3,5H,4H2,1-2H3/b5-3-",Copy,C/C=C\CC,9.01,,CC/C=C\C
Quinoxaline,InChI=1S/C8H6N2/c1-2-4-8-7(3-1)9-5-6-10-8/h1-6H,Copy,c1ccc2nccnc2c1,9.01,,C1=CC=C2C(=C1)N=CC=N2
Quinazoline,InChI=1S/C8H6N2/c1-2-4-8-7(3-1)5-9-6-10-8/h1-6H,Copy,c1ccc2ncncc2c1,9.03,,C1=CC=C2C(=C1)C=NC=N2
"2-Pentene, (E)-","InChI=1S/C5H10/c1-3-5-4-2/h3,5H,4H2,1-2H3/b5-3+",Copy,C/C=C/CC,9.04,,CC/C=C/C
"Pentane, 3-methylene-","InChI=1S/C6H12/c1-4-6(3)5-2/h3-5H2,1-2H3",Copy,C=C(CC)CC,9.06,,CCC(=C)CC
"Benzene, 1,2-dichloro-",InChI=1S/C6H4Cl2/c7-5-3-1-2-4-6(5)8/h1-4H,Copy,Clc1ccccc1Cl,9.06,,C1=CC=C(C(=C1)Cl)Cl
"Benzene, chloro-",InChI=1S/C6H5Cl/c7-6-4-2-1-3-5-6/h1-5H,Copy,Clc1ccccc1,9.07,,C1=CC=C(C=C1)Cl
"1-Butene, 2,3-dimethyl-","InChI=1S/C6H12/c1-5(2)6(3)4/h6H,1H2,2-4H3",Copy,C=C(C)C(C)C,9.07,,CC(C)C(=C)C
"1,3-Butadiene","InChI=1S/C4H6/c1-3-4-2/h3-4H,1-2H2",Copy,C=CC=C,9.072,,C=CC=C
Benzophenone,InChI=1S/C13H10O/c14-13(11-7-3-1-4-8-11)12-9-5-2-6-10-12/h1-10H,Copy,O=C(c1ccccc1)c1ccccc1,9.08,,C1=CC=C(C=C1)C(=O)C2=CC=CC=C2
"1-Pentene, 2-methyl-","InChI=1S/C6H12/c1-4-5-6(2)3/h2,4-5H2,1,3H3",Copy,C=C(C)CCC,9.08,,CCCC(=C)C
4-Heptanone,"InChI=1S/C7H14O/c1-3-5-7(8)6-4-2/h3-6H2,1-2H3",Copy,CCCC(=O)CCC,9.1,,CCCC(=O)CCC
"3-Penten-2-one, 4-methyl-","InChI=1S/C6H10O/c1-5(2)4-6(3)7/h4H,1-3H3",Copy,CC(=O)C=C(C)C,9.1,,CC(=CC(=O)C)C
"Butane, 2-iodo-","InChI=1S/C4H9I/c1-3-4(2)5/h4H,3H2,1-2H3",Copy,CCC(C)I,9.1,,CCC(C)I
"Benzene, 1,3-dichloro-",InChI=1S/C6H4Cl2/c7-5-2-1-3-6(8)4-5/h1-4H,Copy,Clc1cccc(Cl)c1,9.1,,C1=CC(=CC(=C1)Cl)Cl
"3-Pentanone, 2-methyl-","InChI=1S/C6H12O/c1-4-6(7)5(2)3/h5H,4H2,1-3H3",Copy,CCC(=O)C(C)C,9.1,,CCC(=O)C(C)C
"2-Butene, (E)-","InChI=1S/C4H8/c1-3-4-2/h3-4H,1-2H3/b4-3+",Copy,C/C=C/C,9.1,,C/C=C/C
Fluoromethylidyne,InChI=1S/CF/c1-2,Copy,[C-]=[F+],9.11,,CF
"2-Butene, (Z)-","InChI=1S/C4H8/c1-3-4-2/h3-4H,1-2H3/b4-3-",Copy,C/C=C\C,9.11,,C/C=C\C
2-Methyl-1-butene,"InChI=1S/C5H10/c1-4-5(2)3/h2,4H2,1,3H3",Copy,C=C(C)CC,9.12,,CCC(=C)C
1-Butanethiol,"InChI=1S/C4H10S/c1-2-3-4-5/h5H,2-4H2,1H3",Copy,CCCCS,9.14,,CCCCS
"2-Butanone, 3,3-dimethyl-","InChI=1S/C6H12O/c1-5(7)6(2,3)4/h1-4H3",Copy,CC(=O)C(C)(C)C,9.14,,CC(=O)C(C)(C)C
3-Heptanone,"InChI=1S/C7H14O/c1-3-5-6-7(8)4-2/h3-6H2,1-2H3",Copy,CCCCC(=O)CC,9.15,,CCCCC(=O)CC
"Benzene, 1,4-difluoro-",InChI=1S/C6H4F2/c7-5-1-2-6(8)4-3-5/h1-4H,Copy,Fc1ccc(F)cc1,9.1589,,C1=CC(=CC=C1F)F
Cyclohexanone,InChI=1S/C6H10O/c7-6-4-2-1-3-5-6/h1-5H2,Copy,O=C1CCCCC1,9.16,,C1CCC(=O)CC1
"Propane, 1-iodo-2-methyl-","InChI=1S/C4H9I/c1-4(2)3-5/h4H,3H2,1-2H3",Copy,CC(C)CI,9.18,,CC(C)CI
"1,4-Dioxane",InChI=1S/C4H8O2/c1-2-6-4-3-5-1/h1-4H2,Copy,C1COCCO1,9.19,,C1COCCO1
"Propane, 2-iodo-","InChI=1S/C3H7I/c1-3(2)4/h3H,1-2H3",Copy,CC(C)I,9.19,,CC(C)I
Propyl mercaptan,"InChI=1S/C3H8S/c1-2-3-4/h4H,2-3H2,1H3",Copy,CCCS,9.2,,CCCS
Diisopropyl ether,"InChI=1S/C6H14O/c1-5(2)7-6(3)4/h5-6H,1-4H3",Copy,CC(C)OC(C)C,9.2,,CC(C)OC(C)C
4-Octyne,"InChI=1S/C8H14/c1-3-5-7-8-6-4-2/h3-6H2,1-2H3",Copy,CCCC#CCCC,9.2,,CCCC#CCCC
"Benzene, fluoro-",InChI=1S/C6H5F/c7-6-4-2-1-3-5-6/h1-5H,Copy,Fc1ccccc1,9.2,,C1=CC=C(C=C1)F
"Pentane, 1-iodo-","InChI=1S/C5H11I/c1-2-3-4-5-6/h2-5H2,1H3",Copy,CCCCCI,9.2,,CCCCCI
"2-Pentanone, 3-methyl-","InChI=1S/C6H12O/c1-4-5(2)6(3)7/h5H,4H2,1-3H3",Copy,CCC(C)C(C)=O,9.21,,CCC(C)C(=O)C
"1-Propene, 2-methyl-","InChI=1S/C4H8/c1-4(2)3/h1H2,2-3H3",Copy,C=C(C)C,9.22,,CC(=C)C
3-Octyne,"InChI=1S/C8H14/c1-3-5-7-8-6-4-2/h3-5,7H2,1-2H3",Copy,CCC#CCCCC,9.22,,CCCCC#CCC
Furfural,InChI=1S/C5H4O2/c6-4-5-2-1-3-7-5/h1-4H,Copy,O=Cc1ccco1,9.22,,C1=COC(=C1)C=O
"Butane, 1-iodo-","InChI=1S/C4H9I/c1-2-3-4-5/h2-4H2,1H3",Copy,CCCCI,9.23,,CCCCI
"Methane, triiodo-",InChI=1S/CHI3/c2-1(3)4/h1H,Copy,IC(I)I,9.23,,C(I)(I)I
Benzene,InChI=1S/C6H6/c1-2-4-6-5-3-1/h1-6H,Copy,c1ccccc1,9.24378,,C1=CC=CC=C1
Tetrahydropyran,InChI=1S/C5H10O/c1-2-4-6-5-3-1/h1-5H2,Copy,C1CCOCC1,9.25,,C1CCOCC1
Adamantane,"InChI=1S/C10H16/c1-7-2-9-4-8(1)5-10(3-7)6-9/h7-10H,1-6H2",Copy,C1C2CC3CC1CC(C2)C3,9.25,,C1C2CC3CC1CC(C2)C3
"1-Buten-3-yne, 2-methyl-","InChI=1S/C5H6/c1-4-5(2)3/h1H,2H2,3H3",Copy,C#CC(=C)C,9.25,,CC(=C)C#C
"9,10-Anthracenedione",InChI=1S/C14H8O2/c15-13-9-5-1-2-6-10(9)14(16)12-8-4-3-7-11(12)13/h1-8H,Copy,O=C1c2ccccc2C(=O)c2ccccc21,9.25,,C1=CC=C2C(=C1)C(=O)C3=CC=CC=C3C2=O
"Propane, 1-iodo-","InChI=1S/C3H7I/c1-2-3-4/h2-3H2,1H3",Copy,CCCI,9.26,,CCCI
Pyridine,InChI=1S/C5H5N/c1-2-4-6-5-3-1/h1-5H,Copy,c1ccncc1,9.26,,C1=CC=NC=C1
Cyclopentanone,InChI=1S/C5H8O/c6-5-3-1-2-4-5/h1-4H2,Copy,O=C1CCCC1,9.26,,C1CCC(=O)C1
2-Heptanone,"InChI=1S/C7H14O/c1-3-4-5-6-7(2)8/h3-6H2,1-2H3",Copy,CCCCCC(C)=O,9.27,,CCCCCC(=O)C
"1,5-Hexadiene","InChI=1S/C6H10/c1-3-5-6-4-2/h3-4H,1-2,5-6H2",Copy,C=CCCC=C,9.27,,C=CCCC=C
Acetophenone,"InChI=1S/C8H8O/c1-7(9)8-5-3-2-4-6-8/h2-6H,1H3",Copy,CC(=O)c1ccccc1,9.28,,CC(=O)C1=CC=CC=C1
"Benzene, 1,2-difluoro-",InChI=1S/C6H4F2/c7-5-3-1-2-4-6(5)8/h1-4H,Copy,Fc1ccccc1F,9.29,,C1=CC=C(C(=C1)F)F
Methyl Isobutyl Ketone,"InChI=1S/C6H12O/c1-5(2)4-6(3)7/h5H,4H2,1-3H3",Copy,CC(=O)CC(C)C,9.3,,CC(C)CC(=O)C
"Benzene, 1,3,5-trichloro-",InChI=1S/C6H3Cl3/c7-4-1-5(8)3-6(9)2-4/h1-3H,Copy,Clc1cc(Cl)cc(Cl)c1,9.3,,C1=C(C=C(C=C1Cl)Cl)Cl
Di-n-propyl ether,"InChI=1S/C6H14O/c1-3-5-7-6-4-2/h3-6H2,1-2H3",Copy,CCCOCCC,9.3,,CCCOCCC
2-Octyne,"InChI=1S/C8H14/c1-3-5-7-8-6-4-2/h3,5,7-8H2,1-2H3",Copy,CC#CCCCCC,9.31,,CCCCCC#CC
"2-Butanone, 3-methyl-","InChI=1S/C5H10O/c1-4(2)5(3)6/h4H,1-3H3",Copy,CC(=O)C(C)C,9.31,,CC(C)C(=O)C
Ethanethiol,"InChI=1S/C2H6S/c1-2-3/h3H,2H2,1H3",Copy,CCS,9.31,,CCS
3-Pentanone,"InChI=1S/C5H10O/c1-3-5(6)4-2/h3-4H2,1-2H3",Copy,CCC(=O)CC,9.31,,CCC(=O)CC
"Naphthalene, decahydro-, cis-","InChI=1S/C10H18/c1-2-6-10-8-4-3-7-9(10)5-1/h9-10H,1-8H2/t9-,10+",Copy,C1CC[C@H]2CCCC[C@H]2C1,9.32,,C1CCC2CCCCC2C1
"Naphthalene, decahydro-, trans-","InChI=1S/C10H18/c1-2-6-10-8-4-3-7-9(10)5-1/h9-10H,1-8H2/t9-,10-",Copy,C1CC[C@H]2CCCC[C@@H]2C1,9.32,,C1CCC2CCCCC2C1
"Benzoic acid, methyl ester","InChI=1S/C8H8O2/c1-10-8(9)7-5-3-2-4-6-7/h2-6H,1H3",Copy,COC(=O)c1ccccc1,9.32,,COC(=O)C1=CC=CC=C1
Tetrachloroethylene,InChI=1S/C2Cl4/c3-1(4)2(5)6,Copy,ClC(Cl)=C(Cl)Cl,9.326,,C(=C(Cl)Cl)(Cl)Cl
"1,3-Diazine",InChI=1S/C4H4N2/c1-2-5-4-6-3-1/h1-4H,Copy,c1cncnc1,9.33,,C1=CN=CN=C1
"Benzene, 1,2,4,5-tetrafluoro-",InChI=1S/C6H2F4/c7-3-1-4(8)6(10)2-5(3)9/h1-2H,Copy,Fc1cc(F)c(F)cc1F,9.33,,C1=C(C(=CC(=C1F)F)F)F
"Benzene, 1,3-difluoro-",InChI=1S/C6H4F2/c7-5-2-1-3-6(8)4-5/h1-4H,Copy,Fc1cccc(F)c1,9.33,,C1=CC(=CC(=C1)F)F
1-Heptene,"InChI=1S/C7H14/c1-3-5-7-6-4-2/h3H,1,4-7H2,2H3",Copy,C=CCCCCC,9.34,,CCCCCC=C
"Ethane, iodo-","InChI=1S/C2H5I/c1-2-3/h2H2,1H3",Copy,CCI,9.349,,CCI
2-Hexanone,"InChI=1S/C6H12O/c1-3-4-5-6(2)7/h3-5H2,1-2H3",Copy,CCCCC(C)=O,9.35,,CCCCC(=O)C
2-Hexyne,"InChI=1S/C6H10/c1-3-5-6-4-2/h3,5H2,1-2H3",Copy,CC#CCCC,9.37,,CCCC#CC
2-Pentanone,"InChI=1S/C5H10O/c1-3-4-5(2)6/h3-4H2,1-2H3",Copy,CCCC(C)=O,9.38,,CCCC(=O)C
Benzyl nitrile,"InChI=1S/C8H7N/c9-7-6-8-4-2-1-3-5-8/h1-5H,6H2",Copy,N#CCc1ccccc1,9.39,,C1=CC=C(C=C1)CC#N
Tetrahydrofuran,InChI=1S/C4H8O/c1-2-4-5-3-1/h1-4H2,Copy,C1CCOC1,9.4,,C1CCOC1
1-Decene,"InChI=1S/C10H20/c1-3-5-7-9-10-8-6-4-2/h3H,1,4-10H2,2H3",Copy,C=CCCCCCCCC,9.42,,CCCCCCCCC=C
1-Octene,"InChI=1S/C8H16/c1-3-5-7-8-6-4-2/h3H,1,4-8H2,2H3",Copy,C=CCCCCCC,9.43,,CCCCCCC=C
Cyclobutene,"InChI=1S/C4H6/c1-2-4-3-1/h1-2H,3-4H2",Copy,C1=CCC1,9.43,,C1CC=C1
Methanethiol,"InChI=1S/CH4S/c1-2/h2H,1H3",Copy,CS,9.439,,CS
1-Hexene,"InChI=1S/C6H12/c1-3-5-6-4-2/h3H,1,4-6H2,2H3",Copy,C=CCCCC,9.44,,CCCCC=C
"Propane, 2-methoxy-","InChI=1S/C4H10O/c1-4(2)5-3/h4H,1-3H3",Copy,COC(C)C,9.45,,CC(C)OC
"1-Pentene, 4-methyl-","InChI=1S/C6H12/c1-4-5-6(2)3/h4,6H,1,5H2,2-3H3",Copy,C=CCC(C)C,9.45,,CC(C)CC=C
"Benzene, 1-methyl-3-nitro-","InChI=1S/C7H7NO2/c1-6-3-2-4-7(5-6)8(9)10/h2-5H,1H3",Copy,Cc1cccc([N+](=O)[O-])c1,9.5,,CC1=CC(=CC=C1)[N+](=O)[O-]
"Methane, diiodo-",InChI=1S/CH2I2/c2-1-3/h1H2,Copy,ICI,9.46,,C(I)I
Trichloroethylene,InChI=1S/C2HCl3/c3-1-2(4)5/h1H,Copy,ClC=C(Cl)Cl,9.46,,C(=C(Cl)Cl)Cl
"Benzene, 1-methyl-4-nitro-","InChI=1S/C7H7NO2/c1-6-2-4-7(5-3-6)8(9)10/h2-5H,1H3",Copy,Cc1ccc([N+](=O)[O-])cc1,9.46,,CC1=CC=C(C=C1)[N+](=O)[O-]
Bicyclo[2.2.2]octane,"InChI=1S/C8H14/c1-2-8-5-3-7(1)4-6-8/h7-8H,1-6H2",Copy,C1CC2CCC1CC2,9.47,,C1CC2CCC1CC2
1-Pentene,"InChI=1S/C5H10/c1-3-5-4-2/h3H,1,4-5H2,2H3",Copy,C=CCCC,9.49,,CCCC=C
Benzaldehyde,InChI=1S/C7H6O/c8-6-7-4-2-1-3-5-7/h1-6H,Copy,O=Cc1ccccc1,9.5,,C1=CC=C(C=C1)C=O
"1,4-Naphthalenedione",InChI=1S/C10H6O2/c11-9-5-6-10(12)8-4-2-1-3-7(8)9/h1-6H,Copy,O=C1C=CC(=O)c2ccccc21,9.5,,C1=CC=C2C(=O)C=CC(=O)C2=C1
Ethyl ether,"InChI=1S/C4H10O/c1-3-5-4-2/h3-4H2,1-2H3",Copy,CCOCC,9.51,,CCOCC
"Propanal, 2,2-dimethyl-","InChI=1S/C5H10O/c1-5(2,3)4-6/h4H,1-3H3",Copy,CC(C)(C)C=O,9.51,,CC(C)(C)C=O
"1-Butene, 3-methyl-","InChI=1S/C5H10/c1-4-5(2)3/h4-5H,1H2,2-3H3",Copy,C=CC(C)C,9.52,,CC(C)C=C
2-Butanone,"InChI=1S/C4H8O/c1-3-4(2)5/h3H2,1-2H3",Copy,CCC(C)=O,9.52,,CCC(=O)C
"Methane, iodo-",InChI=1S/CH3I/c1-2/h1H3,Copy,CI,9.54,,CI
1-Butene,"InChI=1S/C4H8/c1-3-4-2/h3H,1,4H2,2H3",Copy,C=CCC,9.55,,CCC=C
"Benzene, 1,2,3,5-tetrafluoro-",InChI=1S/C6H2F4/c7-3-1-4(8)6(10)5(9)2-3/h1-2H,Copy,Fc1cc(F)c(F)c(F)c1,9.55,,C1=C(C=C(C(=C1F)F)F)F
"Benzene, 1,2,3,4-tetrafluoro-",InChI=1S/C6H2F4/c7-3-1-2-4(8)6(10)5(3)9/h1-2H,Copy,Fc1ccc(F)c(F)c1F,9.57,,C1=CC(=C(C(=C1F)F)F)F
2-Butyne,InChI=1S/C4H6/c1-3-4-2/h1-2H3,Copy,CC#CC,9.58,,CC#CC
1-Buten-3-yne,"InChI=1S/C4H4/c1-3-4-2/h1,4H,2H2",Copy,C#CC=C,9.58,,C=CC#C
Ketene,InChI=1S/C2H2O/c1-2-3/h1H2,Copy,C=C=O,9.617,,C=C=O
"Benzene, bromopentafluoro-",InChI=1S/C6BrF5/c7-1-2(8)4(10)6(12)5(11)3(1)9,Copy,Fc1c(F)c(F)c(Br)c(F)c1F,9.62,,C1(=C(C(=C(C(=C1F)F)Br)F)F)F
"Cyclohexane, methyl-","InChI=1S/C7H14/c1-7-5-3-2-4-6-7/h7H,2-6H2,1H3",Copy,CC1CCCCC1,9.64,,CC1CCCCC1
"Ethylene, 1,2-dichloro-, (E)-",InChI=1S/C2H2Cl2/c3-1-2-4/h1-2H/b2-1+,Copy,Cl/C=C/Cl,9.64,,C(=C/Cl)\Cl
Trimethylene oxide,InChI=1S/C3H6O/c1-2-4-3-1/h1-3H2,Copy,C1COC1,9.65,,C1COC1
Methyl vinyl ketone,"InChI=1S/C4H6O/c1-3-4(2)5/h3H,1H2,2H3",Copy,C=CC(C)=O,9.65,,CC(=O)C=C
"Ethene, 1,1-dichloro-2,2-difluoro-",InChI=1S/C2Cl2F2/c3-1(4)2(5)6,Copy,FC(F)=C(Cl)Cl,9.65,,C(=C(Cl)Cl)(F)F
"Ethylene, 1,2-dichloro-, (Z)-",InChI=1S/C2H2Cl2/c3-1-2-4/h1-2H/b2-1-,Copy,Cl/C=C\Cl,9.66,,C(=C\Cl)\Cl
2-Propen-1-ol,"InChI=1S/C3H6O/c1-2-3-4/h2,4H,1,3H2",Copy,C=CCO,9.67,,C=CCO
Cyclopropene,"InChI=1S/C3H4/c1-2-3-1/h1-2H,3H2",Copy,C1=CC1,9.67,,C1C=C1
"Benzene, (trifluoromethyl)-","InChI=1S/C7H5F3/c8-7(9,10)6-4-2-1-3-5-6/h1-5H",Copy,FC(F)(F)c1ccccc1,9.685,,C1=CC=C(C=C1)C(F)(F)F
Acetamide,"InChI=1S/C2H5NO/c1-2(3)4/h1H3,(H2,3,4)",Copy,CC(=N)O,9.69,,CC(=O)N
Allene,InChI=1S/C3H4/c1-3-2/h1-2H2,Copy,C=C=C,9.692,,C=C=C
"Cyclopentane, methyl-","InChI=1S/C6H12/c1-6-4-2-3-5-6/h6H,2-5H2,1H3",Copy,CC1CCCC1,9.7,,CC1CCCC1
Acetone,InChI=1S/C3H6O/c1-3(2)4/h1-2H3,Copy,CC(C)=O,9.703,,CC(=O)C
Nonane,"InChI=1S/C9H20/c1-3-5-7-9-8-6-4-2/h3-9H2,1-2H3",Copy,CCCCCCCCC,9.71,,CCCCCCCCC
"Propanal, 2-methyl-","InChI=1S/C4H8O/c1-4(2)3-5/h3-4H,1-2H3",Copy,CC(C)C=O,9.71,,CC(C)C=O
"Benzene, chloropentafluoro-",InChI=1S/C6ClF5/c7-1-2(8)4(10)6(12)5(11)3(1)9,Copy,Fc1c(F)c(F)c(Cl)c(F)c1F,9.72,,C1(=C(C(=C(C(=C1F)F)Cl)F)F)F
"Ethane, methoxy-","InChI=1S/C3H8O/c1-3-4-2/h3H2,1-2H3",Copy,CCOC,9.72,,CCOC
Hexanal,"InChI=1S/C6H12O/c1-2-3-4-5-6-7/h6H,2-5H2,1H3",Copy,CCCCCC=O,9.72,,CCCCCC=O
Benzonitrile,InChI=1S/C7H5N/c8-6-7-4-2-1-3-5-7/h1-5H,Copy,N#Cc1ccccc1,9.73,,C1=CC=C(C=C1)C#N
Propene,"InChI=1S/C3H6/c1-3-2/h3H,1H2,2H3",Copy,C=CC,9.73,,CC=C
Pentanal,"InChI=1S/C5H10O/c1-2-3-4-5-6/h5H,2-4H2,1H3",Copy,CCCCC=O,9.74,,CCCCC=O
Cyclooctane,InChI=1S/C8H16/c1-2-4-6-8-7-5-3-1/h1-8H2,Copy,C1CCCCCCC1,9.75,,C1CCCCCCC1
3-Pentanol,"InChI=1S/C5H12O/c1-3-5(6)4-2/h5-6H,3-4H2,1-2H3",Copy,CCC(O)CC,9.76,,CCC(CC)O
Norbornane,"InChI=1S/C7H12/c1-2-7-4-3-6(1)5-7/h6-7H,1-5H2",Copy,C1CC2CCC1C2,9.77,,C1CC2CCC1C2
2-Pentanol,"InChI=1S/C5H12O/c1-3-4-5(2)6/h5-6H,3-4H2,1-2H3",Copy,CCCC(C)O,9.78,,CCCC(C)O
Octane,"InChI=1S/C8H18/c1-3-5-7-8-6-4-2/h3-8H2,1-2H3",Copy,CCCCCCCC,9.8,,CCCCCCCC
Cyclobutane,InChI=1S/C4H8/c1-2-4-3-1/h1-4H2,Copy,C1CCC1,9.8,,C1CCC1
"Ethene, 2-chloro-1,1-difluoro-",InChI=1S/C2HClF2/c3-1-2(4)5/h1H,Copy,FC(F)=CCl,9.8,,C(=C(F)F)Cl
"Silane, tetramethyl-","InChI=1S/C4H12Si/c1-5(2,3)4/h1-4H3",Copy,C[Si](C)(C)C,9.8,,C[Si](C)(C)C
Methyl azide,InChI=1S/CH3N3/c1-3-4-2/h1H3,Copy,CN=[N+]=[N-],9.81,,CN=[N+]=[N-]
"Ethene, 1,1-dichloro-",InChI=1S/C2H2Cl2/c1-2(3)4/h1H2,Copy,C=C(Cl)Cl,9.81,,C=C(Cl)Cl
"Ethene, chlorotrifluoro-",InChI=1S/C2ClF3/c3-1(4)2(5)6,Copy,FC(F)=C(F)Cl,9.81,,C(=C(F)Cl)(F)F
Butanal,"InChI=1S/C4H8O/c1-2-3-4-5/h4H,2-3H2,1H3",Copy,CCCC=O,9.82,,CCCC=O
Vinyl bromide,"InChI=1S/C2H3Br/c1-2-3/h2H,1H2",Copy,C=CBr,9.82,,C=CBr
"Formamide, N-methyl-","InChI=1S/C2H5NO/c1-3-2-4/h2H,1H3,(H,3,4)",Copy,CN=CO,9.83,,CNC=O
Methyl radical,InChI=1S/CH3/h1H3,Copy,[CH3],9.84,,[CH3]
"Heptane, 2-methyl-","InChI=1S/C8H18/c1-4-5-6-7-8(2)3/h8H,4-7H2,1-3H3",Copy,CCCCCC(C)C,9.84,,CCCCCC(C)C
Cyclopropane,InChI=1S/C3H6/c1-2-3-1/h1-3H2,Copy,C1CC1,9.86,,C1CC1
"Cyclohexane, bromo-","InChI=1S/C6H11Br/c7-6-4-2-1-3-5-6/h6H,1-5H2",Copy,BrC1CCCCC1,9.87,,C1CCC(CC1)Br
Cyclohexane,InChI=1S/C6H12/c1-2-4-6-5-3-1/h1-6H2,Copy,C1CCCCC1,9.88,,C1CCCCC1
2-Butanol,"InChI=1S/C4H10O/c1-3-4(2)5/h4-5H,3H2,1-2H3",Copy,CCC(C)O,9.88,,CCC(C)O
"Pentane, 2,2,4-trimethyl-","InChI=1S/C8H18/c1-7(2)6-8(3,4)5/h7H,6H2,1-5H3",Copy,CC(C)CC(C)(C)C,9.89,,CC(C)CC(C)(C)C
"2-Butenoic acid, (E)-","InChI=1S/C4H6O2/c1-2-3-4(5)6/h2-3H,1H3,(H,5,6)/b3-2+",Copy,C/C=C/C(=O)O,9.9,,C/C=C/C(=O)O
Cycloheptane,InChI=1S/C7H14/c1-2-4-6-7-5-3-1/h1-7H2,Copy,C1CCCCCC1,9.9,,C1CCCCCC1
"Benzene, hexafluoro-",InChI=1S/C6F6/c7-1-2(8)4(10)6(12)5(11)3(1)9,Copy,Fc1c(F)c(F)c(F)c(F)c1F,9.9,,C1(=C(C(=C(C(=C1F)F)F)F)F)F
"2-Propanol, 2-methyl-","InChI=1S/C4H10O/c1-4(2,3)5/h5H,1-3H3",Copy,CC(C)(C)O,9.9,,CC(C)(C)O
"Propane, 2-bromo-2-methyl-","InChI=1S/C4H9Br/c1-4(2,3)5/h1-3H3",Copy,CC(C)(C)Br,9.92,,CC(C)(C)Br
"2-Propanone, 1-chloro-","InChI=1S/C3H5ClO/c1-3(5)2-4/h2H2,1H3",Copy,CC(=O)CCl,9.92,,CC(=O)CCl
Heptane,"InChI=1S/C7H16/c1-3-5-7-6-4-2/h3-7H2,1-2H3",Copy,CCCCCCC,9.93,,CCCCCCC
"Benzene, nitro-",InChI=1S/C6H5NO2/c8-7(9)6-4-2-1-3-5-6/h1-5H,Copy,O=[N+]([O-])c1ccccc1,9.94,,C1=CC=C(C=C1)[N+](=O)[O-]
Propanal,"InChI=1S/C3H6O/c1-2-3-4/h3H,2H2,1H3",Copy,CCC=O,,0.000999
p-Benzoquinone,InChI=1S/C6H4O2/c7-5-1-2-6(8)4-3-5/h1-4H,Copy,O=C1C=CC(=O)C=C1,,1.85
Fluoromethylene,InChI=1S/CHF/c1-2/h1H,Copy,[CH-]=[F+],,0.542
Carbon disulfide,InChI=1S/CS2/c2-1-3,Copy,S=C=S,,0.5525
"Methane, trifluoroiodo-","InChI=1S/CF3I/c2-1(3,4)5",Copy,FC(F)(F)I,,1.57
Methylene,InChI=1S/CH2/h1H2,Copy,[CH2],,0.652
Methylidyne,InChI=1S/CH/h1H,Copy,[CH],,1.26
"Methane, nitro-",InChI=1S/CH3NO2/c1-2(3)4/h1H3,Copy,C[N+](=O)[O-],,0.172
Carbonyl sulfide,InChI=1S/COS/c2-1-3,Copy,O=C=S,,0.46
Carbon monosulfide,InChI=1S/CS/c1-2,Copy,[C-]#[S+],,0.205
Trichloromethane,InChI=1S/CHCl3/c2-1(3)4/h1H,Copy,ClC(Cl)Cl,,0.62
Dicarbon,InChI=1S/C2/c1-2,Copy,[C+]#[C-],,3.273
Bromotrifluoromethane,"InChI=1S/CBrF3/c2-1(3,4)5",Copy,FC(F)(F)Br,,0.91
"Methylene, difluoro-",InChI=1S/CF2/c2-1-3,Copy,F[C-]=[F+],,0.18
Carbon Tetrachloride,"InChI=1S/CCl4/c2-1(3,4)5",Copy,ClC(Cl)(Cl)Cl,,0.8
Ethynyl radical,InChI=1S/C2H/c1-2/h1H,Copy,[C]#C,,2.9689
Propiolonitrile,InChI=1S/C3HN/c1-2-3-4/h1H,Copy,C#CC#N,,1.04
Isocyanato radical,InChI=1S/CNO/c2-1-3,Copy,N#C[O],,3.609
Propanenitrile,"InChI=1S/C3H5N/c1-2-3-4/h2H2,1H3",Copy,CCC#N,,0.015092
Dichlorodifluoromethane,"InChI=1S/CCl2F2/c2-1(3,4)5",Copy,FC(F)(Cl)Cl,,0.4
Pentacene,InChI=1S/C22H14/c1-2-6-16-10-20-14-22-12-18-8-4-3-7-17(18)11-21(22)13-19(20)9-15(16)5-1/h1-14H,Copy,c1ccc2cc3cc4cc5ccccc5cc4cc3cc2c1,,1.392
Benz[a]anthracene,InChI=1S/C18H12/c1-2-7-15-12-18-16(11-14(15)6-1)10-9-13-5-3-4-8-17(13)18/h1-12H,Copy,c1ccc2cc3c(ccc4ccccc43)cc2c1,,0.39
"Bicyclo[4.2.0]octa-1,3,5,7-tetraene",InChI=1S/C8H6/c1-2-4-8-6-5-7(8)3-1/h1-6H,Copy,C1=Cc2ccccc21,,0.321
Picene,InChI=1S/C22H14/c1-3-7-17-15(5-1)9-11-21-19(17)13-14-20-18-8-4-2-6-16(18)10-12-22(20)21/h1-14H,Copy,c1ccc2c(c1)ccc1c2ccc2c3ccccc3ccc21,,0.542
Biphenylene,InChI=1S/C12H8/c1-2-6-10-9(5-1)11-7-3-4-8-12(10)11/h1-8H,Copy,c1ccc2c(c1)-c1ccccc1-2,,0.89
Chrysene,InChI=1S/C18H12/c1-3-7-15-13(5-1)9-11-18-16-8-4-2-6-14(16)10-12-17(15)18/h1-12H,Copy,c1ccc2c(c1)ccc1c3ccccc3ccc21,,0.32
(E)-Stilbene,InChI=1S/C14H12/c1-3-7-13(8-4-1)11-12-14-9-5-2-6-10-14/h1-12H/b12-11+,Copy,C(=C/c1ccccc1)\c1ccccc1,,0.39
Indole,"InChI=1S/C8H7N/c1-2-4-8-7(3-1)5-6-9-8/h1-6,9H",Copy,c1ccc2[nH]ccc2c1,,0.00351
Triphenylene,InChI=1S/C18H12/c1-2-8-14-13(7-1)15-9-3-4-11-17(15)18-12-6-5-10-16(14)18/h1-12H,Copy,c1ccc2c(c1)c1ccccc1c1ccccc21,,0.285
Phenanthrene,InChI=1S/C14H10/c1-3-7-13-11(5-1)9-10-12-6-2-4-8-14(12)13/h1-10H,Copy,c1ccc2c(c1)ccc1ccccc12,,-0.01
Perylene,InChI=1S/C20H12/c1-5-13-6-2-11-17-18-12-4-8-14-7-3-10-16(20(14)18)15(9-1)19(13)17/h1-12H,Copy,c1cc2cccc3c4cccc5cccc(c(c1)c23)c54,,0.973
Naphthacene,InChI=1S/C18H12/c1-2-6-14-10-18-12-16-8-4-3-7-15(16)11-17(18)9-13(14)5-1/h1-12H,Copy,c1ccc2cc3cc4ccccc4cc3cc2c1,,1.058
Benzo[a]pyrene,InChI=1S/C20H12/c1-2-7-17-15(4-1)12-16-9-8-13-5-3-6-14-10-11-18(17)20(16)19(13)14/h1-12H,Copy,c1ccc2c(c1)cc1ccc3cccc4ccc2c1c34,,0.815
Benzo[ghi]perylene,InChI=1S/C22H12/c1-3-13-7-9-15-11-12-16-10-8-14-4-2-6-18-17(5-1)19(13)21(15)22(16)20(14)18/h1-12H,Copy,c1cc2ccc3ccc4ccc5cccc6c(c1)c2c3c4c56,,0.42
Benzyl radical,"InChI=1S/C7H7/c1-7-5-3-2-4-6-7/h2-6H,1H2",Copy,C=C1[CH]C=CC=C1,,0.912
2-Butyl radical,"InChI=1S/C4H9/c1-3-4-2/h3H,4H2,1-2H3",Copy,C[CH]CC,,-0.129
Coronene,InChI=1S/C24H12/c1-2-14-5-6-16-9-11-18-12-10-17-8-7-15-4-3-13(1)19-20(14)22(16)24(18)23(17)21(15)19/h1-12H,Copy,c1cc2ccc3ccc4ccc5ccc6ccc1c1c2c3c4c5c61,,0.47
"Dibenz[a,h]anthracene",InChI=1S/C22H14/c1-3-7-19-15(5-1)9-11-17-14-22-18(13-21(17)19)12-10-16-6-2-4-8-20(16)22/h1-14H,Copy,c1ccc2c(c1)ccc1cc3c(ccc4ccccc43)cc12,,0.595
Azulene,InChI=1S/C10H8/c1-2-5-9-7-4-8-10(9)6-3-1/h1-8H,Copy,c1ccc2cccc-2cc1,,0.79
Pyrene,InChI=1S/C16H10/c1-3-11-7-9-13-5-2-6-14-10-8-12(4-1)15(11)16(13)14/h1-10H,Copy,c1cc2ccc3cccc4ccc(c1)c2c34,,0.406
Anthracene,InChI=1S/C14H10/c1-2-6-12-10-14-8-4-3-7-13(14)9-11(12)5-1/h1-10H,Copy,c1ccc2cc3ccccc3cc2c1,,0.53
"1,3,5,7-Cyclooctatetraene","InChI=1S/C8H8/c1-2-4-6-8-7-5-3-1/h1-8H/b2-1-,3-1-,4-2-,5-3-,6-4-,7-5-,8-6-,8-7-",Copy,C1=C/C=C\C=C/C=C1,,0.57
Trichloromethyl radical,InChI=1S/CCl3/c2-1(3)4,Copy,Cl[C](Cl)Cl,,2.16
Formyl radical,InChI=1S/CHO/c1-2/h1H,Copy,[CH]=O,,0.313
p-Xylene,"InChI=1S/C8H10/c1-7-3-5-8(2)6-4-7/h3-6H,1-2H3",Copy,Cc1ccc(C)cc1,,0.001519
"Benzene, pentachloro-",InChI=1S/C6HCl5/c7-2-1-3(8)5(10)6(11)4(2)9/h1H,Copy,Clc1cc(Cl)c(Cl)c(Cl)c1Cl,,0.729
"Benzene, hexachloro-",InChI=1S/C6Cl6/c7-1-2(8)4(10)6(12)5(11)3(1)9,Copy,Clc1c(Cl)c(Cl)c(Cl)c(Cl)c1Cl,,0.92
Quinoxaline,InChI=1S/C8H6N2/c1-2-4-8-7(3-1)9-5-6-10-8/h1-6H,Copy,c1ccc2nccnc2c1,,0.71
Quinazoline,InChI=1S/C8H6N2/c1-2-4-8-7(3-1)5-9-6-10-8/h1-6H,Copy,c1ccc2ncncc2c1,,0.58
Benzophenone,InChI=1S/C13H10O/c14-13(11-7-3-1-4-8-11)12-9-5-2-6-10-12/h1-10H,Copy,O=C(c1ccccc1)c1ccccc1,,0.62
"9,10-Anthracenedione",InChI=1S/C14H8O2/c15-13-9-5-1-2-6-10(9)14(16)12-8-4-3-7-11(12)13/h1-8H,Copy,O=C1c2ccccc2C(=O)c2ccccc21,,1.591
Acetophenone,"InChI=1S/C8H8O/c1-7(9)8-5-3-2-4-6-8/h2-6H,1H3",Copy,CC(=O)c1ccccc1,,0.3339
Tetrachloroethylene,InChI=1S/C2Cl4/c3-1(4)2(5)6,Copy,ClC(Cl)=C(Cl)Cl,,0.64
"Benzene, 1-methyl-3-nitro-","InChI=1S/C7H7NO2/c1-6-3-2-4-7(5-6)8(9)10/h2-5H,1H3",Copy,Cc1cccc([N+](=O)[O-])c1,,0.99
Trichloroethylene,InChI=1S/C2HCl3/c3-1-2(4)5/h1H,Copy,ClC=C(Cl)Cl,,0.4
"Benzene, 1-methyl-4-nitro-","InChI=1S/C7H7NO2/c1-6-2-4-7(5-3-6)8(9)10/h2-5H,1H3",Copy,Cc1ccc([N+](=O)[O-])cc1,,0.95
Benzaldehyde,InChI=1S/C7H6O/c8-6-7-4-2-1-3-5-7/h1-6H,Copy,O=Cc1ccccc1,,0.4293
"1,4-Naphthalenedione",InChI=1S/C10H6O2/c11-9-5-6-10(12)8-4-2-1-3-7(8)9/h1-6H,Copy,O=C1C=CC(=O)c2ccccc21,,1.81
"Methane, iodo-",InChI=1S/CH3I/c1-2/h1H3,Copy,CI,,0.11
"Benzene, bromopentafluoro-",InChI=1S/C6BrF5/c7-1-2(8)4(10)6(12)5(11)3(1)9,Copy,Fc1c(F)c(F)c(Br)c(F)c1F,,1.15
"Benzene, chloropentafluoro-",InChI=1S/C6ClF5/c7-1-2(8)4(10)6(12)5(11)3(1)9,Copy,Fc1c(F)c(F)c(Cl)c(F)c1F,,0.75
Benzonitrile,InChI=1S/C7H5N/c8-6-7-4-2-1-3-5-7/h1-5H,Copy,N#Cc1ccccc1,,0.26
Methyl radical,InChI=1S/CH3/h1H3,Copy,[CH3],,0.08
"Benzene, hexafluoro-",InChI=1S/C6F6/c7-1-2(8)4(10)6(12)5(11)3(1)9,Copy,Fc1c(F)c(F)c(F)c(F)c1F,,0.53
"Benzene, nitro-",InChI=1S/C6H5NO2/c8-7(9)6-4-2-1-3-5-6/h1-5H,Copy,O=[N+]([O-])c1ccccc1,,1.0