smiles,pka_values
Cc1ncc(C[n+]2csc(CCO)c2C)c(N)n1,4.79
[O-][N+](=O)c1cc2cccnc2c3ncccc13,3.22
[O-][n+]1ccccc1S,4.43
C=CCCc1ccccn1,5.88
C=CCc1ccccn1,5.34
C=Cc1ccccn1,5.04
C=Cc1ccncc1,5.4
CC(=O)C(O)=O,2.26
Cc1ccc(O)cc1,10.04
Cc1ccc2ccc3ccc(C)nc3c2n1,5.83
Cc1ccc2ccc3cccnc3c2n1,5.31
C[C@]1(CCC(=O)N1)C(O)=O,3.14
C1CCNCC1,11.08
C1CN(CCN1)c2ccccc2,8.6
C=CCCCc1ccccn1,5.97
Cc1[nH]ccn1,7.9
Cc1c(C)c2cccnc2c3ncccc13,5.6
Cc1c[nH]cn1,7.55
Cc1cc(C)cc(O)c1,9.98
Cc1cc(C)nc(C)c1,7.22
Cc1cc2cccnc2c3ncccc13,5.27
Cc1ccc(CN)cc1,9.51
Cc1ccc(N)c(N)c1,4.79
Oc1cccc(I)c1,8.74
Oc1cccc(c1)C#N,8.36
Oc1cccc(c1)[N+]([O-])=O,8.16
Oc1cccc2ccccc12,9.14
Oc1cccc[n+]1[O-],5.81
Oc1ccccc1,9.78
Oc1ccccc1Br,8.22
CC(=O)NCCc1c[nH]cn1,7.12
CC(=O)NO,9.29
CC(C)(C)N,10.65
Oc1ccc2ccccc2c1,9.31
Oc1ccc2ccccc2c1[N+]([O-])=O,5.75
Oc1cccc(Br)c1,8.75
Oc1cccc(F)c1,8.81
s1cccc1c2ccccn2,3.69
s1ccc(c1)c2ccncc2,5.6
s1ccc(c1)c2cccnc2,4.81
C1CCNC1,11.3
CC(=O)CC(O)=O,3.57
CC(=O)CCC(O)=O,4.5
CC(=O)NC(Cc1ccc(O)cc1)C(O)=O,9.88
CC(=O)NCC(O)=O,3.49
s1cnc(c1)c2ccccn2,4.05
s1cccc1c2ccncc2,5.48
s1cccc1c2cccnc2,4.41
C(c1ccccc1)c2ccccn2,5.12
OCC1=CC(=O)C(=C(I)O1)O,6.52
OCCC(O)=O,4.4
OCCCCCc1ccccn1,5.93
OCCCCCc1cccnc1,5.72
OCCCCCc1ccncc1,6.04
OCCCCc1ccccn1,5.83
OCCCCc1cccnc1,5.7
O[C@H]1CCCC[C@H]1C(O)=O,4.6
O[C@H]1CCC[C@@H](C1)C(O)=O,4.53
O[C@H]1CC[C@H](CC1)C(O)=O,4.64
CC(C)C[C@H](NC(=O)CN)C(=O)NCC(O)=O,7.95
CC(C)C[C@H](NC(=O)CNC(=O)CN)C(O)=O,7.9
CC(C)N,10.61
CC(C)[C@H](N)C(N)=O,7.72
CC(C)c1[nH]ccn1,7.77
ONC(=O)c1ccccc1,8.76
ONC1=C(CCCC1)N=O,10.57
ONC1=C(CCCCC1)N=O,10.54
O[C@@H](C=O)[C@@H](O)[C@@H](O)[C@H](O)C(O)=O,3.2
O[C@@H](C=O)[C@@H](O)[C@H](O)[C@H](O)C(O)=O,2.97
O[C@@H]1CCCC[C@H]1C(O)=O,4.49
O[C@@H]1CCC[C@@H](C1)C(O)=O,4.41
O[C@@H]1CC[C@H](CC1)C(O)=O,4.48
OCc1cccnc1,5.0
OCc1ccncc1,5.41
ONC(/c1ccccc1)=C(N=O)\c2ccccc2,10.3
CC1CCC(=C(C1)NO)N=O,10.54
CCC(=O)C(O)=O,2.48
CCC(=O)NO,9.44
OC(=O)c1occc1,2.97
OC(=O)c1sccc1,3.33
OC(C(O)=O)c1ccccc1,3.2
OC(Cc1ccccn1)c2ccccc2,5.2
CC(O)C(O)=O,3.67
CC(O)CN,9.49
CC(O)Cc1ccccn1,5.48
CC(Oc1ccccc1)C(O)=O,2.88
CC1=C(O)C(=O)C=CO1,8.53
CC1=CC(=O)C(=CO1)O,8.02
OCCc1cccnc1,5.38
OCCc1ccncc1,5.68
OC[C@@H](O)[C@@H](O)[C@H](O)[C@@H](O)C(O)=O,3.46
OCc1ccccn1,4.9
CC(CO)(CO)C(O)=O,4.42
CC(N)C(=O)NC(C)(C)C(N)=O,7.93
OCCCCc1ccncc1,6.01
OCCCc1ccccn1,5.71
OCCCc1cccnc1,5.57
OCCCc1ccncc1,5.9
OCCN1CCN(CC1)CC[S](O)(=O)=O,7.49
OCCS,9.4
OCCc1ccccn1,5.37
CCC(N)CC,10.41
CCC(O)(CC)C(O)=O,3.62
CCC(Oc1ccccc1)C(O)=O,2.99
CCC1=C(O)C(=O)C=CO1,8.55
CCCC(N)C(=O)OC,7.66
CCCCC(N)C(=O)OC,7.68
CCCCC(O)C(O)=O,3.68
OC(=O)C[Se]CCC=C,3.77
OC(=O)C[Se]CCCC=C,3.8
OC(=O)C[Se]c1ccccc1,3.64
OC(=O)[C@@H]1CCC(=O)N1,3.1
OC(=O)[C@@H]1CC[C@H](CC1)C(O)=O,5.175000000000001
OC(=O)[C@@]1(CCC(=O)N1)c2ccccc2,2.69
CCC(C)C(N)C(=O)OC,7.54
CCC(C)N,10.56
OC(=O)c1ccc(cc1)[N+]([O-])=O,3.28
OC(=O)c1cccc(F)c1,3.68
OC(=O)c1cccc(c1)[N+]([O-])=O,3.28
OC(=O)CSCC=C,3.57
OC(=O)CSCCC=C,3.61
OC(=O)CSCCCC=C,3.63
OC(=O)CSCc1ccccc1,3.6
OC(=O)CSc1ccccc1,3.33
OC1CC(=CC(O)C1O)C(O)=O,4.01
OCC(O)(CO)C(O)=O,3.39
OCC(O)=O,3.62
OCC(O)C(O)=O,3.4
OC(=O)c1cc(cc(c1)[N+]([O-])=O)[N+]([O-])=O,2.68
OC(=O)c1ccc(F)cc1,3.95
CCOC(=O)C(N)Cc1ccccc1,7.12
CCOC(=O)CCN,9.18
CCOC(=O)CN,7.69
CCOC(=O)CNC(=O)CN,7.76
CCSCC(O)=O,3.6
CCCSCC(O)=O,3.62
CCN,10.69
CCN(CC)C(=O)CCN,9.44
CCN(CC)C(=O)CN,8.45
CCOC(=O)C(C)N,7.91
CCOC(=O)C(N)C(C)C,7.75
CCOC(=O)C(N)CC(C)C,7.65
OC(=O)CN(CC(O)=O)c1cc(ccc1C(O)=O)C(O)=O,7.54
OC(=O)CNC(=O)c1ccccc1,3.48
OC(=O)COc1ccccc1,2.96
CCCCSCC(O)=O,3.63
CCCC[Se]CC(O)=O,3.82
CCCN,10.64
CCCCCCN,10.64
CCCCCCSCC(O)=O,3.65
CCCCCN,10.63
CCCCCSCC(O)=O,3.64
CCCCN,10.66
CCCCN1C=CC=C(O)C1=O,9.06
CCCCOC(=O)CN,7.78
Nc1cccc2cccnc12,3.98
Nc1ccccc1[S](O)(=O)=O,2.29
Nc1cccnc1,6.05
Nc1ncnc2n(cnc12)[C@@H]3O[C@H](CO)[C@@H](O)[C@H]3O,3.55
Nc1ncnc2n(cnc12)[C@H]3C[C@H](O)[C@@H](CO)O3,3.77
CCc1[nH]ccn1,7.87
CCc1ccc(C)nc1,6.43
CCc1ccncc1,6.06
CN,10.65
CN(C)c1ccc(cc1)[S](O)(=O)=O,3.37
CN(CC(=O)NCC(O)=O)C(=O)CN,8.23
CN1C=CC=C(O)C1=O,8.89
OC(=O)C(=O)Cc1ccccc1,2.33
OC(=O)C1(O)CCCC1,3.97
OC(=O)C1(O)CCCCC1,3.98
OC(=O)C1(O)CCCCCC1,4.03
OC(=O)C1=C(C(=O)NC(=O)N1)[N+]([O-])=O,4.83
CC[C@H]1[C@H](COC1=O)Cc2cncn2C,7.12
OC(=O)C=O,3.05
OC(=O)CBr,2.71
OC(=O)CCBr,3.79
OC(=O)CCI,3.9
OC(=O)CI,2.98
COC(=O)C(N)C(C)C,7.48
COC(=O)C(N)CC(C)C,7.63
COC(=O)C(N)CCSC,7.1
COC(=O)C(N)CO,7.07
NCCCCc1ccccc1,10.42
NCCCO,10.11
NCCCc1ccccc1,10.32
NCCC(=O)NCCC(N)=O,9.21
CNC(=O)[C@@H](N)CC(C)C,7.72
CNC(=O)[C@@H](N)CCSC,7.33
CNC(=O)[C@H](CCSC)NC(=O)[C@@H](N)Cc1ccccc1,7.15
COC(=O)C(C)N,7.76
Nc1ccc(cc1)[S](O)(=O)=O,3.01
Nc1cccc(c1)[S](O)(=O)=O,3.55
N[C@@H](CO)C(N)=O,7.18
NCCO,9.52
NCCc1ccccc1,9.92
NCc1ccc(cc1)C#N,8.61
NCc1ccc(cc1)C(F)(F)F,8.84
NCc1ccccc1,9.4
Nc1ncnc2nc[nH]c12,4.22
O=C1CCNCCNC(=O)CC(=O)NCCN1,8.26
N[C@@H](Cc1ccccc1)C(N)=O,7.26
N[C@@H]1C(O)O[C@H](CO)[C@@H](O)[C@@H]1O,7.57
N[C@H]1C(O)O[C@H](CO)[C@@H](O)[C@@H]1O,7.58
N[C@H]1C(O)O[C@H](CO)[C@H](O)[C@@H]1O,7.72
Nc1ccc(Br)cn1,4.91
COC(=O)CNC(=O)CN,7.78
COC(=O)CS,7.99
COC(=O)C[C@H](N)C([O-])=O,8.5
COC(=O)[C@@H](N)Cc1c[nH]c2ccccc12,7.3
COC(=O)[C@@H](N)Cc1ccccc1,7.03
COC(=O)c1ccc2cccc(O)c2n1,9.14
NCC(=O)N1CCC[C@H]1C(=O)N[C@H](Cc2ccccc2)C(=O)NCC(O)=O,8.64
COC(=O)CCC(N)C(=O)OC,7.03
COC(=O)CCCN,9.84
COC(=O)CCN,9.17
COC(=O)CN,7.66
COC(=O)CN(C)C(=O)CN,8.01
NC1=NC(=O)N(C=C1)[C@@H]2O[C@H](CO)[C@@H](O)[C@H]2O,4.09
NC1=NC(=O)NC=C1,4.57
NC1CCCC1,10.63
NC1CCCCC1,10.62
NCC(=O)N1CCC[C@H]1C(=O)NCC(=O)N[C@@H](Cc2ccccc2)C(O)=O,8.33
NCC(=O)N1CCC[C@H]1C(=O)N[C@@H](Cc2ccccc2)C(=O)NCC(O)=O,8.29
NCCC(N)=O,9.2
NCCCCCc1ccccc1,10.55
NCC(=O)NCC(=O)NCC(N)=O,7.75
NCC(=O)NCC(N)=O,7.78
NCC(=O)NCCC(N)=O,7.83
NCC(N)=O,7.98
NCC(O)c1ccccc1,8.79
NCCC(=O)NCC(N)=O,9.14
NC(=O)Cc1ccncc1,5.08
NC(=O)[C@@H]1CCCN1,8.69
NC(=O)c1cccnc1,3.31
NC(CO)(CO)CO,8.1
COc1ccc(N)cc1,5.33
COc1ccc(O)cc1,9.96
NC(=O)CCCc1ccccn1,5.48
NC(=O)CCCc1cccnc1,5.33
NC(=O)CCCc1ccncc1,5.64
NC(=O)CCc1ccccn1,5.09
NC(=O)CCc1cccnc1,5.21
NC(=O)CCc1ccncc1,5.58
NC(=O)Cc1ccccn1,4.34
NC(=O)Cc1cccnc1,4.72
N(c1ccccn1)c2ccccn2,7.03
NC(=O)CCCCc1ccccn1,5.73
NC(=O)CCCCc1cccnc1,5.6
NC(=O)CCCCc1ccncc1,5.92
COCC(O)=O,3.32
COCCN,9.45
CO[P](O)(O)=O,6.25
COc1ccc(CCN)cc1OC,9.87
COc1ccc(CN)cc1,9.56
COc1ccc(N)c(N)c1,5.1
Cn1cnc2ncnc(N)c12,4.13
C[N+](C)(C)CCS,7.88
C[Se]c1cccc2cccnc12,3.15
Cc1[nH]cc(C)n1,8.4
Cn1ccnc1,7.1
Cn1cnc2c(N)ncnc12,3.9
Cc1ccccc1O,10.09
Cc1ccccn1,5.96
Cc1cccnc1,5.72
Cc1ccnc(c1)c2cc(C)ccn2,5.34
Cc1ccnc2c1ccc3c(C)ccnc23,5.95
Cc1ccncc1,6.05
COc1ccc(cc1)C(O)=O,4.26
COc1cccc(C(O)=O)c1OC,3.5
COc1cccc(c1)C(O)=O,3.82
COc1ccccc1C(O)=O,3.87
CSCC(O)=O,3.55
CSC[C@H](NC(=O)CC[C@H](N)C(O)=O)C(=O)NCC(O)=O,9.08
CSc1ccc(cc1)C(O)=O,3.9
CSc1cccc2cccnc12,3.42
Oc1ccc2cc(ccc2c1)[S](O)(=O)=O,8.86
Oc1ccc2ccc(cc2c1)[S](O)(=O)=O,9.0
CC(C)(N)C(=O)NC(C)(C)C(=O)NC(C)(C)C(N)=O,7.76
CC(C)(N)C(=O)NC(C)(C)C(N)=O,7.93
CC(C)(N)C(N)=O,8.06
CC(C)(N)CO,9.72
CC(C)(O)C(O)=O,3.79
Oc1ccc(cc1)[N+]([O-])=O,6.96
Oc1ccc(cc1)[S](O)(=O)=O,8.62
Oc1ccc(cc1C=O)[S](O)(=O)=O,6.93
Oc1ccc2cc(cc(c2c1)[S](O)(=O)=O)[S](O)(=O)=O,8.59
Oc1c2ccccc2ccc1[S](O)(=O)=O,9.11
Oc1cc(cc2cc(ccc12)[S](O)(=O)=O)[S](O)(=O)=O,8.06
Oc1cc(cc2ccccc12)[S](O)(=O)=O,8.43
Oc1cc2ccc(cc2cc1[S](O)(=O)=O)[S](O)(=O)=O,9.16
Oc1ccc(Br)cc1,9.08
Oc1ccc(F)cc1,9.46
Oc1ccc(c2ccccc12)[S](O)(=O)=O,8.04
Oc1ccccc1C#N,6.86
Oc1ccccc1F,8.49
Oc1c2ccccc2ccc1[N+]([O-])=O,5.71
[nH]1ccnc1,7.0
[nH]1ccnc1c2ccccn2,5.47
[nH]1cnc(c1)c2ccccn2,5.49
c1cc(ccn1)c2ccncc2,4.67
c1ccc(cc1)c2ccccn2,4.64
c1ccc(cc1)c2cccnc2,4.81
c1ccc(cc1)c2ccncc2,5.38
c1ccc2ncccc2c1,4.97
c1ccncc1,5.24
s1ccc(c1)c2ccccn2,4.67
Brc1cc2cccnc2c3ncccc13,4.09
Oc1cccc2cccnc12,"4.97, 9.65"
CC(=O)Oc1c(cccc1C(O)=O)C(O)=O,"2.85, 3.8"
CC(C(O)=O)C(=O)C(O)=O,"1.7, 4.18"
Cc1ccc(S)c(S)c1,"5.34, 11.0"
Cc1ccc(cc1)[S](=O)(=O)NCCN(CC(O)=O)CC(O)=O,"2.15, 7.86"
C[C@H](N)C(=O)N[C@H](Cc1ccccc1)C(O)=O,"2.99, 8.13"
C[C@H](N)C(O)=O,"2.33, 9.71"
CC(C(O)=O)C(O)=O,"2.87, 5.38"
CC(C)(C(O)=O)C(O)=O,"2.97, 5.73"
CC(=O)NCCN(CC(O)=O)CC(O)=O,"1.9, 8.17"
CC(=O)N[C@@H](C(O)=O)C(C)(C)S,"3.29, 10.1"
CC(=O)N[C@@H](CC(O)=O)C(O)=O,"3.04, 4.49"
CC(=O)N[C@@H](CCC(O)=O)C(O)=O,"3.29, 4.6"
CC(=O)N[C@@H](CS)C(O)=O,"3.11, 9.58"
CC(=O)N[C@@H](Cc1c[nH]cn1)C(O)=O,"2.84, 7.02"
CC(=O)NCC(=O)NCC(=O)NCC(=O)N[C@@H](Cc1c[nH]cn1)C(O)=O,"3.04, 7.09"
CC(=O)NCC(=O)NCC(=O)N[C@@H](Cc1c[nH]cn1)C(O)=O,"2.96, 7.06"
OC(=O)CCSCC(O)=O,"3.27, 4.34"
OC(=O)CCSCCC(O)=O,"3.925, 4.7"
OC(=O)CC[Se]CCC(O)=O,"3.94, 4.7"
OC(=O)CC[Te]CCC(O)=O,"3.92, 4.77"
OC(=O)CCc1c[nH]cn1,"3.83, 7.44"
OC(=O)CC(O)=O,"2.665, 5.33"
OC(=O)CN(CC(O)=O)c1ccc(c2ccccc12)[S](O)(=O)=O,"2.76, 3.92"
CCCCO[P]([O-])(=O)O[P](O)(O)=O,"1.3, 6.65"
Oc1ccc(c2cccnc12)[S](O)(=O)=O,"3.9, 8.37"
Oc1c(Br)cc(Br)c2cccnc12,"2.6, 7.3"
Oc1c(I)cc(I)c2cccnc12,"2.7, 8.0"
Oc1c(cc(c2cccnc12)[S](O)(=O)=O)N=O,"1.81, 5.52"
Oc1c(cc(c2cccnc12)[S](O)(=O)=O)[N+]([O-])=O,"1.72, 5.34"
CC(C)(N)C(=O)NC(C)(C)C(=O)NC(C)(C)C(=O)NC(C)(C)C(O)=O,"3.8, 7.78"
c1cc(ccn1)C=Cc2ccncc2,"4.41, 5.65"
c1ccc(C=Cc2ccccn2)nc1,"2.81, 4.95"
[O-][NH+]1CCCNCCNC(=O)C(CCc2ccccn2)C(=O)NCC1,"5.22, 9.33"
C[C@H](N)C(=O)N[C@@H](C)C(=O)N[C@H](C)C(=O)N[C@@H](C)C(O)=O,"3.13, 7.82"
C[C@H](N)C(=O)N[C@@H](C)C(=O)N[C@H](C)C(O)=O,"3.26, 7.94"
C1CNCCNCCC(NCCNC1)c2ccccc2,"10.06, 10.7"
CC(=C/C(O)=O)/C(O)=O,"2.2, 5.6"
C[C@H](NC(=O)CN)C(=O)NCC(O)=O,"3.34, 7.96"
CC(=O)CN(CC(O)=O)CC(O)=O,"2.62, 7.71"
C1CNCCCNC1,"7.07, 10.65"
C[C@H](N)C(=O)N1CCC[C@H]1C(=O)N[C@@H](C)C(=O)N[C@@H](C)C(O)=O,"3.31, 8.28"
C[C@H](N)C(=O)NC(C)(C)C(O)=O,"3.49, 8.22"
C[C@H](N)C(=O)NCC(=O)NCC(=O)NCC(=O)NCC(O)=O,"3.38, 7.86"
C[C@H](N)C(=O)NCC(=O)NCC(=O)NCC(O)=O,"3.18, 7.85"
Cn1cncc1CC(NC(=O)CCN)C(O)=O,"7.03, 9.33"
C[C@H](N)C(=O)NCC(O)=O,"3.13, 8.11"
C[C@H](N)C(=O)NO,"7.26, 9.15"
C[C@H](N)C(=O)N[C@@H](C)C(=O)N1CCC[C@H]1C(=O)N[C@@H](C)C(O)=O,"3.34, 8.2"
Cc1ncc(CO)c(C)c1O,"5.36, 9.34"
Cc1ncc(CO)c(C=O)c1O,"4.1, 8.53"
Cc1ncc(CO)c(CO)c1O,"4.85, 8.81"
C[C@@](CCC(O)=O)(NC(=O)c1ccccc1)C(O)=O,"3.51, 4.63"
O[P](O)(=O)Oc1ccc2ccccc2c1,"1.2, 5.74"
O[P](O)(=O)CBr,"1.2, 6.24"
O[P](O)(=O)CCBr,"1.6, 6.9"
Oc1cccnc1,"4.89, 8.5"
Oc1cnccc1C=O,"4.04, 6.7"
C[C@@H](NC(=O)[C@@H]1CCCN1)C(O)=O,"3.15, 9.09"
CC(C)C[C@H](N)C(=O)NCC(=O)N[C@@H](CC(C)C)C(O)=O,"3.33, 7.75"
CC(C)C[C@H](N)C(=O)NCC(=O)N[C@H](CC(C)C)C(O)=O,"3.32, 7.79"
CC(C)C[C@H](N)C(=O)NCC(O)=O,"3.11, 8.0"
O[P](O)(=O)C(Br)Br,"0.8, 5.4"
O[P](O)(=O)O[P]([O-])(=O)Oc1ccccc1,"1.3, 6.32"
CSCC[C@H](NC(=O)[C@@H](N)Cc1ccccc1)C(O)=O,"3.24, 7.27"
C[C@@H](N)C(=O)N[C@@H](C)C(=O)N[C@@H](C)C(=O)N[C@@H](C)C(O)=O,"3.31, 7.83"
NC1=NC(=O)N(C=C1)C2OC(CO[P](O)(=O)O[P](O)(=O)O[P](O)(O)=O)C(O)C2O,"4.47, 6.663333333333334"
NC1=NC(=O)c2ncn(C3OC(CO[P](O)(=O)O[P](O)(=O)O[P](O)(O)=O)C(O)C3O)c2N1,"2.93, 6.63"
NCC(O)C(O)=O,"2.66, 9.13"
NCC(O)CN,"8.02, 9.56"
CSCC[C@H](N)C(=O)NCC(O)=O,"3.16, 7.59"
CSCC[C@H](N)C(=O)N[C@@H](CCSC)C(O)=O,"3.22, 7.41"
CSCC[C@H](N)C(=O)N[C@H](CCSC)C(O)=O,"2.98, 7.59"
CSCC[C@H](NC(=O)CN)C(O)=O,"3.02, 8.12"
COc1ccc(NCC(O)=O)cc1,"2.0, 9.07"
C[C@@H](NC(=O)[C@H](C)NC(=O)CN)C(O)=O,"3.19, 8.06"
C[C@@H](O)[C@H](N)C(O)=O,"2.2, 8.94"
COc1cc(CCN)ccc1O,"9.34, 10.47"
COc1ccc(CCN)cc1O,"9.23, 10.38"
NC(C(O)C(O)C(O)CO)C(O)=O,"2.2, 9.08"
NC(=O)CCN(CC(O)=O)CC(O)=O,"2.41, 8.46"
CSCCN(CC(O)=O)CC(O)=O,"2.0, 8.89"
C[C@H](N)C(=O)N[C@@H](C)C(=O)N[C@@H](C)C(=O)N1CCC[C@H]1C(O)=O,"3.16, 8.2"
C[C@H](N)C(=O)N[C@@H](C)C(=O)N[C@@H](C)C(=O)N[C@@H](C)C(O)=O,"3.31, 7.83"
C[C@H](N)C(=O)N[C@@H](C)C(=O)N[C@@H](C)C(O)=O,"3.28, 7.92"
FC1(F)CNCCNCCCNCCNC1,"7.52, 10.78"
FC1CNCCNCCCNCCNC1,"9.41, 10.96"
CO[P]([O-])(=O)O[P](O)(O)=O,"1.6, 6.37"
COc1cc(CC(O)=O)ccc1O,"4.31, 9.76"
COc1cc(CCC(O)=O)ccc1O,"4.48, 9.87"
NCC(=O)N1CCC[C@H]1C(=O)NCC(=O)NCC(O)=O,"3.11, 8.25"
NC1=NC(=O)c2ncn(C3OC(CO[P](O)(=O)O[P](O)(O)=O)C(O)C3O)c2N1,"2.8, 6.505"
NCC(=O)NCC(=O)NCC(=O)N1CCC[C@H]1C(O)=O,"2.91, 8.04"
NCC(=O)NCC(=O)NCC(=O)NCC(=O)NCC(O)=O,"3.27, 7.85"
NCC(=O)NCC(=O)NCC(=O)NCC(O)=O,"3.2, 7.88"
CC(C)C[C@H](N)C(O)=O,"2.32, 9.58"
O[C@H](CO[P](O)(O)=O)[C@@H](O)[C@@H](O)C=O,"1.5, 6.17"
CC(C)C[C@H](N)C(=O)NO,"7.14, 9.1"
CC(C)C[C@H](N)C(=O)N[C@@H](C)C(O)=O,"3.36, 8.08"
CC(C)C(C(O)=O)C(O)=O,"2.78, 5.5"
CC(C)CC(C(O)=O)C(O)=O,"2.87, 5.36"
NCCC(=O)NCC(=O)NCC(O)=O,"3.19, 9.25"
O[C@@H]([C@H](O)C(O)=O)C(O)=O,"2.82, 3.9850000000000003"
O[C@@H]([C@H](O)[C@H](O)C(O)=O)[C@@H](O)C(O)=O,"3.17, 3.97"
CC(C)C[C@H](N)C(=O)N[C@@H](Cc1ccccc1)C(O)=O,"3.18, 7.68"
CC(C)C[C@H](N)C(=O)N[C@H](C)C(O)=O,"2.98, 8.17"
CC(C)C[C@H](N)C(=O)N[C@H](CC(C)C)C(=O)NCC(O)=O,"3.33, 7.89"
CC(C)C[C@H](N)C(=O)N[C@H](Cc1ccccc1)C(O)=O,"2.89, 8.15"
O[P](O)(=O)CI,"1.3, 6.44"
OCc1ncccc1O,"4.74, 8.6"
O[P](O)(=O)Oc1cccc2ccccc12,"0.9, 5.795"
O[P](O)(=O)Oc1ccccc1,"0.9, 5.79"
O[C@H](CS)[C@H](O)CS,"9.05, 10.06"
NCCCc1ccncc1,"5.51, 9.98"
NCCN,"7.11, 9.92"
CC(C)C[C@H](N)C(=O)N[C@@H](CC(C)C)C(=O)NCC(O)=O,"3.56, 7.62"
CC(C)C[C@H](N)C(=O)N[C@@H](CC(C)C)C(=O)N[C@@H](CC(C)C)C(O)=O,"3.59, 7.65"
CC(C)C[C@H](NC(=O)[C@@H](N)Cc1ccccc1)C(O)=O,"3.41, 7.3"
CC(C)C[C@H](NC(=O)[C@H](C)N)C(O)=O,"3.34, 8.03"
CC(C)C[C@H](NC(=O)[C@H](CC(C)C)NC(=O)CN)C(O)=O,"3.52, 8.1"
NCC(=O)NO,"7.45, 9.18"
NCC(=O)N[C@@H](CC(N)=O)C(O)=O,"3.12, 8.12"
NCC(=O)N[C@@H](CO)C(O)=O,"2.97, 8.13"
NCC(=O)NCC(=O)NCC(O)=O,"3.21, 7.89"
NCCC(=O)NCC(O)=O,"3.2, 9.4"
NCC(O)=O,"2.33, 9.57"
NCCCc1cccnc1,"5.19, 10.05"
NCC(=O)NC(CO)C(=O)NCC(O)=O,"3.23, 7.99"
NCC(=O)NCC(=O)N1CCC[C@H]1C(=O)NCC(=O)NCC(=O)NCC(=O)N2CCC[C@H]2C(=O)NCC(O)=O,"3.11, 8.17"
NCC(=O)NCC(=O)N1CCC[C@H]1C(=O)NCC(O)=O,"3.17, 8.06"
NCCCC[C@H](N)C(=O)NCC(O)=O,"7.64, 10.61"
NCC(=O)NCC(=O)NCCC(O)=O,"4.04, 7.89"
NCC(=O)NCC(=O)NO,"7.52, 8.4"
NCC(=O)NCCC(=O)NCC(O)=O,"3.3, 8.05"
NCC(=O)NCC(=O)NCC(=O)NO,"7.51, 8.4"
NCC(=O)N1CCC[C@H]1C(=O)N2CCC[C@H]2C(=O)NCC(=O)NCC(O)=O,"3.28, 8.3"
NCC(=O)N1CCC[C@H]1C(=O)NCC(=O)N2CCC[C@H]2C(=O)NCC(O)=O,"3.31, 8.36"
NCC(=O)N1CCC[C@H]1C(=O)NCC(=O)N2CCC[C@H]2C(=O)N[C@@H](CCC(N)=O)C(O)=O,"3.22, 8.29"
COCCN(CC(O)=O)CC(O)=O,"2.18, 8.95"
COC(=O)[C@@H](N)CS,"6.53, 8.93"
NCCCCCc1ccncc1,"5.99, 10.3"
NCCCCN,"9.46, 10.72"
NCCC(=O)NCCC(O)=O,"3.95, 9.36"
NCCC(=O)NO,"8.32, 9.59"
NCCC(O)=O,"3.51, 10.08"
NCCCCCCCCN,"10.17, 10.99"
NCCCCCCN,"10.07, 10.95"
NCCCCCN,"9.83, 10.9"
O[P](O)(=O)c1ccccc1,"1.7, 7.0"
NCCCC(O)=O,"4.02, 10.35"
NCCNC(=O)CC(=O)NCCN,"8.7, 8.96"
NCCCCCc1ccccn1,"5.7, 10.38"
NCCCCCc1cccnc1,"5.61, 10.34"
CC(N)CCN,"8.68, 10.55"
OC[C@H]1O[C@H](O[P](O)(O)=O)[C@H](O)[C@@H](O)[C@@H]1O,"1.5, 6.025"
OC[P](O)(O)=O,"1.7, 6.99"
OCCN(CCO)c1cc(ccc1C(O)=O)C(O)=O,"3.1, 7.0"
OCCNCCc1ccccn1,"3.15, 7.94"
CC(C)[C@H](N)C(=O)NCC(O)=O,"3.1, 7.95"
CC(C)[C@H](N)C(=O)N[C@@H](C(C)C)C(O)=O,"3.4, 7.96"
CC(C)[C@H](N)C(=O)N[C@@H](C)C(O)=O,"3.32, 7.92"
OCC1=CC(=O)C(=C(CN2CCCCC2)O1)O,"6.36, 9.2"
OCC1=CC(=O)C(=C(CN2CCOCC2)O1)O,"5.03, 7.86"
CC(C)[C@H](N)C(=O)N[C@H](C(C)C)C(O)=O,"3.04, 8.22"
CC(C)[C@H](N)C(O)=O,"2.27, 9.52"
OC(Cc1c[nH]cn1)C(O)=O,"3.0, 7.31"
CC(C)C[C@H](NC(=O)[C@@H](C)N)C(O)=O,"3.14, 8.23"
CC(C)C[C@H](NC(=O)[C@@H](CC(C)C)NC(=O)CN)C(O)=O,"3.46, 8.15"
CC(C)C[C@H](NC(=O)[C@@H](N)CO)C(O)=O,"3.08, 7.45"
CNC(=O)[C@H](Cc1ccc(O)cc1)NC(=O)CNC(=O)CN,"7.94, 9.85"
CNCC(=O)NCC(=O)NCC(=O)NCC(O)=O,"3.34, 8.39"
OC1C(O)C(OC1CO[P](O)(=O)O[P](O)(=O)O[P](O)(O)=O)N2C=CC(=O)NC2=O,"1.9, 6.62"
OC1C(O)C(OC1CO[P](O)(=O)O[P](O)(=O)O[P](O)(O)=O)n2cnc3C(=O)N=CNc23,"2.15, 6.633333333333333"
OC1C(O)C(OC1CO[P](O)(=O)O[P](O)(O)=O)N2C=CC(=O)NC2=O,"1.3, 6.529999999999999"
OC(C(O)C(O)=O)C(O)=O,"2.97, 4.49"
OC(C(O)C(O)C(O)=O)C(O)C(O)=O,"3.16, 3.86"
OC(CC(O)=O)C(O)=O,"3.265, 4.715"
CC1(F)CNCCNCCCNCCNC1,"9.69, 11.34"
OC(=O)c1ccccn1,"0.95, 5.21"
OC(=O)c1cccnc1C(O)=O,"2.36, 4.72"
CNC(=O)[C@H](CCSC)NC(=O)[C@H](Cc1ccccc1)NC(=O)CNC(=O)CNC(=O)[C@@H](N)Cc2ccc(O)cc2,"7.01, 9.78"
CC(N)C(=O)NC(C)(C)C(=O)NC(C)(C)C(O)=O,"3.95, 8.29"
CCC(C(O)=O)C(O)=O,"2.77, 5.46"
NCCc1ccncc1,"4.98, 9.37"
NC[C@H](O)c1ccc(O)cc1,"8.8, 9.88"
NCCS,"8.21, 10.73"
N[C@@H](CC(N)=O)C(O)=O,"2.16, 8.73"
NCc1cccnc1,"3.71, 8.63"
NCc1ccncc1,"4.05, 8.3"
CN1CCN2CCN(C)CCN(CC1)CCN(C)CC2,"10.0, 11.8"
NCCc1c[nH]c(S)n1,"9.12, 11.62"
NCCc1ccc(O)cc1,"9.43, 10.52"
NCCc1cccc(O)c1,"9.34, 10.47"
NCCc1ccccn1,"3.9, 9.55"
NCCc1cccnc1,"4.64, 9.44"
NCCCCc1ccncc1,"5.81, 10.18"
NCCCN,"8.78, 10.54"
COC(=O)C(N)CCCCN,"7.19, 10.25"
NCCNC(=O)C(=O)NCCN,"8.45, 9.23"
NCCCNC(=O)C(=O)NCCCN,"9.41, 10.13"
NCCCc1ccccn1,"4.98, 10.1"
COC(=O)C(N)Cc1ccc(O)cc1,"7.09, 9.89"
CNCC(=O)NCC(O)=O,"3.0, 8.44"
CNCCCNC,"8.81, 10.64"
CNCCNC,"7.04, 10.05"
CNCCSCCNC,"8.94, 9.91"
CNCCSCCOCCSCCNC,"9.06, 9.84"
NCCCCc1ccccn1,"5.56, 10.3"
NCCCCc1cccnc1,"5.52, 10.16"
OC(=O)c1cccc(Br)c1C(O)=O,"2.37, 4.35"
OC(=O)c1cccc(O)c1,"3.99, 9.62"
OC(=O)c1ccc(Br)cc1C(O)=O,"2.5, 4.6"
OC(=O)c1ccc(O)cc1,"4.37, 8.98"
OC(=O)c1ccc(cc1)C(O)=O,"3.38, 4.15"
N[C@@H](CO)C(=O)NCC(O)=O,"3.15, 7.34"
N[C@@H](CO)C(O)=O,"2.16, 9.05"
N[C@@H](CCO)C(O)=O,"2.24, 9.28"
N[C@@H](CC[S](O)(=O)=O)C(O)=O,"2.11, 8.93"
CN1CCN2CCNCCN(CC1)CCN(C)CC2,"9.05, 12.5"
N[C@@H](CCC(N)=O)C(O)=O,"2.19, 9.0"
N[C@@H](CCCNC(N)=N)C(=O)N1CCC[C@H]1C(=O)NCC(=O)N2CCC[C@H]2C(=O)NCC(O)=O,"3.39, 7.47"
Nc1ccc(cc1)C(O)=O,"2.5, 4.69"
Nc1ccc(cc1C(O)=O)[S](O)(=O)=O,"1.6, 4.29"
Nc1ccc(cc1N)C(O)=O,"3.69, 4.75"
OC(=O)CSCCSCC(O)=O,"3.2, 4.0"
OC(=O)c1cccc(c1)C(O)=O,"3.3, 4.38"
OC(=O)Cc1ccc(O)cc1,"4.25, 9.88"
N[C@@H](Cc1ccccc1)C(O)=O,"2.18, 9.09"
Nc1cccc(c1)C(O)=O,"3.14, 4.55"
N[C@H](CO)Cc1ccc(O)cc1,"8.94, 9.98"
O=C1CC(=O)NCCCNCCCNCCCN1,"7.93, 9.58"
N[C@@H](Cc1ccc(O)cc1)C(N)=O,"7.42, 9.83"
N[C@@H](Cc1ccccc1)C(=O)N2CCC[C@H]2C(=O)NCC(=O)NCC(O)=O,"3.11, 7.75"
N[C@@H](Cc1ccccc1)C(=O)NCC(O)=O,"3.07, 7.48"
N[C@@H](Cc1ccccc1)C(=O)N[C@@H](Cc2ccccc2)C(=O)N[C@@H](Cc3ccccc3)C(O)=O,"3.52, 7.13"
N[C@@H](Cc1ccccc1)C(=O)N[C@@H](Cc2ccccc2)C(O)=O,"3.26, 7.27"
OC(=O)c1cccc(n1)C(O)=O,"2.07, 4.66"
OC(=O)c1ccccc1C(O)=O,"2.76, 5.0"
OC(=O)c1ccc2ccccc2n1,"1.9, 4.77"
CC(CC(O)=O)C(O)=O,"3.88, 5.35"
CN(CC(O)=O)C(=O)CNC(=O)CNC(=O)CN,"3.04, 7.92"
Nc1ccccc1C(O)=O,"2.01, 4.78"
Nc1ccccc1O,"4.74, 9.87"
CN1CCC(S)CC1,"8.33, 10.35"
CN1CCN(C)CCN(C)CCN(C)CC1,"8.95, 10.07"
OCC(S)CS,"8.63, 10.65"
CN(CC(=O)NCC(=O)NCC(O)=O)C(=O)CN,"3.35, 8.28"
CC[C@H](C)[C@H](NC(=O)[C@H](N)CC(C)C)C(O)=O,"3.06, 8.09"
CN1CCN2CCCSCCCN(CC1)CCN(C)CC2,"8.78, 11.91"
CN(CC(=O)NCC(O)=O)C(=O)CNC(=O)CN,"3.34, 7.97"
CN(CC(O)=O)C(=O)CNC(=O)CN,"2.9, 7.98"
CCCCC(C(O)=O)C(O)=O,"2.81, 5.49"
CCC(N)C(O)=O,"2.3, 9.63"
OC(=O)c1cc(ccc1O)[N+]([O-])=O,"1.94, 9.9"
OC(=O)Cc1cccc(O)c1,"4.17, 9.87"
OC(=O)\C=C/C(O)=O,"1.75, 5.925"
OC(=O)C[Se]CC(O)=O,"3.31, 4.34"
OC(=O)c1c(O)cccc1[N+]([O-])=O,"1.99, 9.04"
CCCC(C(O)=O)C(O)=O,"2.84, 5.45"
OC(=O)C(CC=C)C(O)=O,"2.63, 5.24"
OC(=O)C(CCC=C)C(O)=O,"2.74, 5.35"
OC(=O)C(CCCC=C)C(O)=O,"2.77, 5.37"
CCOC(=O)[C@@H](N)CS,"6.55, 8.96"
CCOC(=O)[C@@H](N)Cc1ccc(O)cc1,"7.21, 9.68"
OC(=O)C1(CCCC1)C(O)=O,"3.07, 5.79"
OC(=O)C1(CCCCC1)C(O)=O,"3.3, 5.7"
OC(=O)/C=C/C(O)=O,"2.84, 4.09"
OC(=O)/C=C/c1ccccn1,"2.83, 4.56"
OC(=O)C(=C)O[P](O)(O)=O,"3.45, 6.244999999999999"
OC(=O)C(=Cc1ccccc1)C(O)=O,"2.11, 4.77"
OC(=O)C(=O)C(O)=O,"1.82, 3.52"
OC(=O)C(C(O)=O)c1ccccc1,"2.34, 5.1"
OC(=O)C(O)=O,"1.2, 3.85"
OC(=O)C1(CCC1)C(O)=O,"2.94, 5.47"
Nc1ncnc2n(cnc12)[C@@H]3O[C@H](CO[P](O)(=O)O[P](O)(=O)O[P](O)(=O)O[P](O)(O)=O)[C@@H](O)[C@H]3O,"4.05, 7.114"
OC(=O)CCc1ccc(O)cc1,"4.39, 10.03"
OC(=O)CCc1cccc(O)c1,"4.4, 9.91"
OC(=O)CN(CC(O)=O)CC(=O)c1sccc1,"2.0, 7.46"
CC[C@H](C)[C@H](NC(=O)[C@@H](N)CC(C)C)C(O)=O,"3.42, 7.78"
OC(=O)CCC(O)=O,"4.02, 5.275"
OC(=O)CCCC(O)=O,"4.19, 5.06"
OC(=O)CCCCC(O)=O,"4.26, 5.04"
OC(=O)CCCCCC(O)=O,"4.31, 5.08"
OC(=O)CC(=C)C(O)=O,"3.66, 5.195"
OC(=O)CC(=O)C(O)=O,"2.26, 3.9"
OC(=O)CS,"3.48, 10.11"
OC(=O)CSCC(O)=O,"3.14, 4.15"
CCCC[C@H](N)C(O)=O,"2.31, 9.68"
CCC[C@H](N)C(O)=O,"2.31, 9.65"
CCSC[P](O)(O)=O,"1.8, 7.06"
CC[C@H](C)[C@@H](N)C(O)=O,"2.2, 9.62"
CC[C@H](C)[C@H](N)C(=O)NCC(O)=O,"3.04, 7.96"
CC[C@H](C)[C@H](N)C(O)=O,"2.26, 9.6"
OC(=O)CNC(=O)[C@@H]1CCCN1,"3.1, 8.91"
OC(=O)CNC(=O)[C@@H]1CCCN1C(=O)[C@@H]2CCCN2,"3.17, 9.15"
OC(=O)CNC(S)=S,"3.75, 6.67"
OC(=O)CN(CC(O)=O)c1ccccc1,"2.4, 5.02"
OC(=O)CNc1ccc(cc1)[S](O)(=O)=O,"1.8, 8.66"
OC(=O)COCC(O)=O,"2.82, 3.9699999999999998"
OC(=O)C[Te]CC(O)=O,"3.26, 4.77"
CCNCCNCC,"7.28, 10.16"
CCCCCC(C(O)=O)C(O)=O,"2.8, 5.54"
OC(=O)CN(CCN[S](=O)(=O)c1ccc(CCBr)cc1)CC(O)=O,"2.15, 7.75"
OC(=O)CN(CCN[S](=O)(=O)c1ccccc1)CC(O)=O,"2.1, 7.82"
OC(=O)CNC(=O)CNC(=O)CNC(=O)[C@@H]1CCCN1,"3.27, 8.67"
Cc1cccc(n1)C(O)=O,"1.2, 5.86"
C[C@@H](N)C(=O)N[C@@H](C)C(=O)N[C@@H](C)C(O)=O,"3.26, 7.95"
C[C@@H](N)C(=O)N[C@H](C)C(=O)N[C@H](C)C(O)=O,"3.28, 7.95"
CC(C)C[C@@H](N)C(=O)NCC(=O)N[C@@H](CC(C)C)C(O)=O,"3.33, 7.81"
CC(C)C[C@@H](NC(=O)[C@H](CC(C)C)NC(=O)CN)C(O)=O,"3.42, 8.03"
CC(C)C[C@H](N)C(=O)NCC(=O)NCC(O)=O,"3.23, 7.75"
Cc1ccc(O)cn1,"5.44, 8.96"
C[P](O)(O)=O,"2.16, 7.49"
Cc1ccc2cccc(O)c2n1,"5.65, 10.04"
CC(C)(NC(=O)CNC(=O)CN)C(=O)NCC(O)=O,"3.55, 7.98"
C[C@H](N)C(=O)N[C@@H](Cc1ccccc1)C(O)=O,"3.2, 7.9"
C[C@H](N)C(=O)N[C@H](C)C(=O)N[C@@H](C)C(=O)N[C@@H](C)C(O)=O,"3.11, 7.88"
C[C@H](N)C(=O)N[C@H](C)C(=O)N[C@@H](C)C(O)=O,"3.2, 8.02"
C[C@H](N)C(=O)N[C@H](C)C(O)=O,"3.13, 8.29"
C[C@H](N)C(=O)N[C@@H](C)C(O)=O,"3.27, 8.15"
C[C@H](N)C(=O)NCC(=O)NCC(O)=O,"3.27, 7.89"
CC(C)(N)C(=O)NC(C)(C)C(=O)NC(C)(C)C(=O)NCC(O)=O,"3.46, 8.33"
CC(C)(N)C(=O)NC(C)(C)C(=O)NC(C)(C)C(O)=O,"3.82, 8.11"
CC(C)(N)C(=O)NC(C)(C)C(O)=O,"3.67, 8.26"
CC(C)(N)C(O)=O,"2.34, 10.1"
CC(C)C[C@@H](N)C(=O)N[C@@H](CC(C)C)C(=O)NCC(O)=O,"3.33, 7.87"
CC(C)(NC(=O)CN)C(=O)NCC(O)=O,"3.33, 8.2"
C[C@H](NC(=O)CNC(=O)CN)C(O)=O,"3.18, 7.9"
C[C@H](NC(=O)CNC(=O)CNC(=O)CNC(=O)CN)C(O)=O,"3.37, 7.86"
C[C@H](NC(=O)OC(C)(C)C)C(=O)NCC(=O)NCC(=O)N[C@@H](Cc1c[nH]cn1)C(O)=O,"2.83, 7.19"
C[C@H](N)C(=O)N[C@@H](CCCNC(N)=N)C(O)=O,"2.99, 7.95"
C[C@H](NC(=O)[C@@H]1CCCN1)C(O)=O,"3.27, 8.98"
C[C@H](NC(=O)[C@H](C)NC(=O)CN)C(O)=O,"3.27, 7.99"
C[C@H](NC(=O)[C@H](C)NC(=O)[C@H](C)NC(=O)[C@@H]1CCCN1)C(O)=O,"3.1, 8.37"
C[C@H](O)[C@H](N)C(O)=O,"2.11, 8.92"
C[C@](N)(CCC(O)=O)C(O)=O,"4.05, 9.72"
CC(C)C[C@@H](N)C(=O)N[C@@H](Cc1ccc(O)cc1)C(O)=O,"2.9, 8.34, 10.36"
CC(C)(N)[P](O)(O)=O,"0.6, 5.82, 10.3"
C[C@H](N)C(=O)N[C@@H](C)C(=O)N[C@@H](CCC(O)=O)C(=O)N[C@@H](C)C(O)=O,"3.25, 4.23, 8.1"
C[C@H](N)C(=O)N[C@@H](C)C(=O)N[C@@H](CS)C(O)=O,"3.22, 7.96, 9.73"
C[C@H](NC(=O)[C@@H](N)CC(O)=O)C(O)=O,"2.73, 3.61, 7.99"
C[C@H](NC(=O)[C@@H](N)CCC(O)=O)C(O)=O,"1.2, 4.16, 7.98"
C[C@H](NC(=O)[C@H](C)NC(=O)[C@H](C)NC(=O)[C@@H](N)CCC(O)=O)C(O)=O,"3.13, 4.08, 7.77"
C[C@H](NC(=O)[C@H](C)NC(=O)[C@H](C)NC(=O)[C@@H](N)CC(O)=O)C(O)=O,"3.07, 3.6, 7.69"
C[C@H](N)C(=O)N[C@H](CCCCN)C(=O)N[C@@H](C)C(=O)N[C@@H](C)C(O)=O,"3.21, 7.9, 10.26"
OC(=O)CN(CC(O)=O)c1ccc(c2cc(cc(O)c12)[S](O)(=O)=O)[S](O)(=O)=O,"2.58, 3.87, 9.48"
OC(=O)CN(CC(O)=O)Cc1ccccn1,"2.68, 2.72, 8.2"
OC(=O)CN(CC(O)=O)c1c(O)cc(c2ccccc12)[S](O)(=O)=O,"2.16, 3.38, 8.85"
OC(=O)CN(CC(O)=O)C1C(=O)NC(=O)NC1=O,"1.9, 2.75, 9.63"
Nc1ncnc2n(cnc12)C3OC(CO[P](O)(=O)O[P](O)(=O)O[P](O)(O)=O)C(O)C3O,"1.9, 3.99, 6.709999999999999"
CN(CCN1CCNCC1)CCN2CCNCC2,"7.38, 8.65, 9.12"
CC[C@H](C)[C@H](NC(=O)[C@H](Cc1ccc(O)cc1)NC(C)=O)C(=O)N[C@@H](Cc2c[nH]cn2)C(O)=O,"2.95, 7.02, 9.78"
NC1=NC(=O)N(C=C1)C2OC(CO[P](O)(=O)O[P](O)(O)=O)C(O)C2O,"1.0, 4.46, 6.5"
CSCC[C@H](NC(=O)[C@H](Cc1ccccc1)NC(=O)CNC(=O)CNC(=O)[C@@H](N)Cc2ccc(O)cc2)C(O)=O,"3.46, 7.44, 9.82"
NC(C(O)=O)C(O)=O,"1.8, 2.94, 9.22"
NC(Cc1ccccc1O)C(O)=O,"2.41, 8.67, 11.01"
C[C@H](N)C(=O)N[C@@H](C)C(=O)N[C@@H](C)C(=O)N[C@@H](CC(O)=O)C(O)=O,"3.15, 4.01, 8.05"
C[C@@H](O[P](O)(O)=O)[C@H](N)C(O)=O,"2.25, 5.83, 9.67"
Cc1ncc(CO)c(CN)c1O,"3.38, 8.05, 10.6"
C[C@@H](NC(=O)[C@@H](N)CCCCN)C(O)=O,"2.89, 7.63, 10.52"
C[C@@H](NC(=O)[C@@H](N)Cc1ccc(O)cc1)C(O)=O,"3.05, 7.66, 9.79"
O[P](O)(=O)C1CCCCN1,"2.0, 5.74, 11.31"
CC(C)CC(NC(=O)C(Cc1ccccc1)NC(=O)CNC(=O)CNC(=O)C(N)Cc2ccc(O)cc2)C(O)=O,"3.52, 7.77, 9.59"
O[P](O)(=O)C1(CCC(=O)N1)[P](O)(O)=O,"2.25, 6.75, 10.69"
CC(C)C[C@@H](NC(=O)[C@@H](N)Cc1ccc(O)cc1)C(O)=O,"3.02, 7.86, 10.38"
N[C@@H](Cc1ccc(O)cc1)C(=O)N[C@@H](Cc2ccccc2)C(O)=O,"3.16, 7.36, 10.09"
N[C@@H](Cc1ccccc1)C(=O)N[C@@H](CS)C(O)=O,"2.98, 7.25, 9.61"
N[C@@H](Cc1ccccc1)C(=O)N[C@@H](Cc2ccc(O)cc2)C(O)=O,"3.25, 7.23, 9.99"
N[C@@H](Cc1ccc(O)cc1)C(=O)N[C@H](CCCNC(N)=N)C(O)=O,"2.81, 7.62, 9.82"
N[C@@H](Cc1ccc(O)cc1)C(=O)N[C@H](Cc2ccccc2)C(O)=O,"2.86, 7.66, 9.99"
N[C@@H](Cc1ccc(O)cc1)C(O)=O,"2.24, 9.04, 10.1"
OC(=O)c1ccc(C(O)=O)c(c1)C(O)=O,"2.42, 3.71, 5.01"
OC(=O)c1ccccc1N=Nc2cc(c3cccnc3c2O)[S](O)(=O)=O,"3.34, 3.63, 9.02"
OC(=O)c1cccc(C(O)=O)c1C(O)=O,"2.665, 3.9299999999999997, 5.635"
OC(=O)c1cc(cc(c1)C(O)=O)C(O)=O,"3.01, 3.71, 4.49"
N[C@@H](CS)C(=O)NCC(O)=O,"3.15, 6.91, 9.3"
N[C@@H](Cc1ccc(O)cc1)C(=O)N2CCC[C@H]2C(=O)N[C@@H](Cc3ccccc3)C(=O)N4CCC[C@H]4C(=O)NCC(O)=O,"3.36, 7.42, 9.81"
N[C@@H](Cc1ccc(O)cc1)C(=O)NCC(=O)NCC(O)=O,"3.22, 7.37, 10.09"
N[C@@H](Cc1ccc(O)cc1)C(=O)NCC(O)=O,"3.14, 7.62, 9.92"
N[C@@H](Cc1ccc(O)cc1)C(=O)N[C@@H](CCCNC(N)=N)C(O)=O,"3.09, 7.24, 9.82"
N[C@@H](CO)C(=O)N[C@@H](CCC(O)=O)C(O)=O,"2.94, 4.34, 7.42"
N[C@@H](C(O)CC(O)=O)C(O)=O,"2.09, 4.08, 9.06"
N[C@@H](CCC(O)=O)C(=O)N1CCC[C@H]1C(=O)N2CCC[C@H]2C(=O)NCC(=O)NCC(O)=O,"3.09, 4.2, 7.97"
N[C@@H](CCC(O)=O)C(=O)NCC(O)=O,"2.91, 4.11, 8.04"
N[C@@H](CCC(O)=O)C(O)=O,"2.16, 4.15, 9.58"
N[C@@H](CC(O)=O)C(=O)NCC(O)=O,"2.82, 3.67, 8.03"
N[C@@H](CC(O)=O)C(O)=O,"1.95, 3.71, 9.66"
N[C@@H](Cc1ccc(O)cc1)C(=O)N2CCC[C@H]2C(=O)N[C@@H](Cc3ccccc3)C(O)=O,"3.14, 7.47, 9.79"
N[C@@H](Cc1ccc(O)cc1)C(=O)N2CCC[C@H]2C(O)=O,"3.19, 7.81, 9.91"
NCCC[P](O)(O)=O,"1.6, 6.88, 11.04"
NCCCC[C@H](NC(=O)[C@@H]1CCCN1C(=O)[C@@H](N)CCCNC(N)=N)C(=O)N2CCC[C@H]2C(=O)N[C@@H](CCC(N)=O)C(O)=O,"4.0, 7.27, 9.85"
CNCCCNCCCN,"7.03, 9.69, 10.68"
NCC(=O)N[C@@H](CS)C(O)=O,"2.73, 8.04, 9.48"
NCC(=O)N[C@@H](Cc1ccc(O)cc1)C(=O)NCC(O)=O,"3.36, 7.92, 9.78"
NCCCCNCCCN,"8.4, 9.83, 10.85"
NCC(=O)NCC(=O)N[C@@H](CS)C(O)=O,"3.07, 7.82, 9.48"
NCC(=O)NCC(=O)N[C@@H](Cc1ccc(O)cc1)C(O)=O,"3.19, 7.91, 9.75"
NCC(=O)NC(CO[P](O)(O)=O)C(O)=O,"2.91, 6.03, 8.42"
NCCCC[C@H](NC(=O)[C@@H](N)CO)C(O)=O,"2.92, 7.16, 10.49"
NCCCC[C@H](NC(=O)[C@@H]1CCCN1C(=O)CN)C(=O)N2CCC[C@H]2C(=O)NCC(O)=O,"3.41, 8.12, 10.24"
NCCCC[C@H](NC(=O)[C@@H]1CCCN1C(=O)CNC(=O)CN)C(O)=O,"3.19, 8.03, 9.88"
NCC(=O)N1CCC[C@H]1C(=O)NCC(=O)N2CCC[C@H]2C(=O)N[C@@H](CCC(O)=O)C(O)=O,"2.46, 4.4, 8.53"
NC1(CCCC1)[P](O)(O)=O,"1.0, 5.83, 10.17"
CC(C)C[C@H](N)C(=O)N[C@@H](Cc1ccc(O)cc1)C(O)=O,"3.23, 7.79, 10.13"
CC(C)C[C@H](NC(=O)CN)C(=O)N[C@@H](Cc1ccc(O)cc1)C(O)=O,"3.14, 8.07, 10.3"
CC(C)C[C@H](NC(=O)[C@@H](N)C(C)C)C(=O)N[C@@H](CO)C(=O)N[C@@H](CCC(O)=O)C(=O)NCC(O)=O,"3.28, 4.49, 7.74"
OC(C(CC(O)=O)C(O)=O)C(O)=O,"3.05, 4.3, 5.74"
OC([P](O)(O)=O)[P](O)(O)=O,"2.6, 6.78, 10.26"
NCCCC(C(O)=O)C(O)=O,"2.52, 4.86, 10.45"
CC(C)C[C@H](NC(=O)[C@@H](N)Cc1ccc(O)cc1)C(O)=O,"3.39, 7.41, 10.11"
NCC(=O)N[C@@H](Cc1ccc(O)cc1)C(O)=O,"3.02, 8.14, 9.98"
OC(=O)CC(S)C(O)=O,"3.09, 4.57, 10.38"
OC(=O)CC(CC(O)=O)C(O)=O,"3.47, 4.51, 5.85"
OC(=O)CC(O)(CC(O)=O)C(O)=O,"2.9, 4.35, 5.72"
OC(=O)CSCCN(CC(O)=O)CC(O)=O,"2.0, 3.53, 8.82"
OC(=O)CN(CC(O)=O)c1ccccc1C(O)=O,"2.2, 2.99, 7.73"
Cc1cccc(CN(CC(O)=O)CC(O)=O)n1,"2.62, 3.45, 8.31"
C[C@H](N)C(=O)N[C@@H](CCCCN)C(=O)N[C@@H](C)C(O)=O,"3.04, 7.54, 10.19"
C[C@H](N)C(=O)N[C@@H](CCCCN)C(=O)N[C@H](C)C(O)=O,"3.18, 7.73, 10.38"
C[C@H](N)C(=O)N[C@@H](C)C(=O)N[C@@H](CC(O)=O)C(=O)N[C@@H](C)C(O)=O,"3.29, 4.22, 8.29"
C[C@H](N)C(=O)N[C@@H](CC(O)=O)C(=O)N[C@@H](C)C(=O)N[C@@H](C)C(O)=O,"3.22, 3.85, 7.96"
C[C@H](N)C(=O)N[C@@H](CC(O)=O)C(=O)N[C@@H](CO)C(=O)NCC(O)=O,"3.21, 4.02, 8.33"
C[C@H](N)C(=O)N[C@@H](CCC(O)=O)C(=O)N[C@@H](C)C(=O)N[C@@H](C)C(O)=O,"3.18, 4.07, 7.9"
C[C@H](N)C(=O)N[C@@H](CCCCN)C(=O)N[C@@H](C)C(=O)N[C@@H](C)C(=O)N[C@@H](C)C(O)=O,"3.42, 7.64, 10.24"
C[C@H](N)C(=O)N[C@@H](CCCCN)C(=O)N[C@@H](C)C(=O)N[C@@H](C)C(O)=O,"3.47, 7.9, 10.47"
C[C@H](N)C(=O)N[C@H](CCCCN)C(=O)N[C@@H](C)C(O)=O,"3.19, 7.86, 10.25"
C[C@H](N)C(=O)N[C@@H](CS)C(O)=O,"2.89, 7.98, 9.52"
C[C@H](NC(=O)[C@@H](N)CCCCN)C(O)=O,"3.11, 7.51, 10.59"
C[C@H](NC(=O)[C@@H](N)Cc1ccc(O)cc1)C(O)=O,"3.38, 7.51, 9.98"
C[C@H](N)C(=O)N[C@H](CCCCN)C(=O)N[C@@H](C)C(=O)N[C@@H](C)C(=O)N[C@@H](C)C(O)=O,"3.19, 7.74, 10.18"
N[C@@H](Cc1ccc(O)cc1)C(=O)N[C@@H](CCC(O)=O)C(O)=O,"3.17, 4.48, 7.69, 10.09"
N[C@@H](CO[P](O)(O)=O)C(O)=O,"0.7, 2.14, 5.7, 9.8"
N[C@@H](Cc1ccc(O)cc1)C(=O)N2CCC[C@H]2C(=O)NCC(=O)N[C@@H](Cc3ccc(O)cc3)C(O)=O,"2.74, 7.61, 9.75, 10.12"
N[C@@H](Cc1ccc(O)c(N)c1)C(O)=O,"2.0, 4.48, 9.09, 10.19"
N[C@@H](Cc1ccc(O)cc1)C(=O)N[C@@H](Cc2ccc(O)cc2)C(O)=O,"3.21, 7.33, 9.68, 10.47"
N[C@@H](CCC(=O)N[C@@H](CS)C(=O)NCC(O)=O)C(O)=O,"2.08, 3.49, 8.64, 9.51"
NCCCNCCCCNCCCN,"7.91, 8.85, 9.99, 10.82"
OC(CNC(C(O)=O)C(O)=O)CNC(C(O)=O)C(O)=O,"2.41, 3.4, 8.9, 10.4"
NCCCC[C@H](NC(=O)[C@H](N)CCCNC(N)=N)C(=O)N[C@@H](CC(O)=O)C(O)=O,"2.76, 4.2, 7.5, 10.29"
NCCCC[C@H](NC(=O)[C@@H]1CCCN1C(=O)CNC(=O)CNC(=O)[C@H](CCCCN)NC(=O)[C@@H]2CCCN2C(=O)CNC(=O)CN)C(O)=O,"3.12, 7.98, 10.12, 10.48"
NCCCC[C@H](N)C(=O)N[C@H](CCCCN)C(O)=O,"2.74, 7.42, 9.81, 10.78"
C[C@H](N)C(=O)N[C@@H](C)C(=O)N[C@@H](CC(O)=O)C(=O)N[C@@H](CC(O)=O)C(O)=O,"3.43, 3.51, 4.67, 8.31"
Cc1ccc(N(CC(O)=O)CC(O)=O)c(c1)N(CC(O)=O)CC(O)=O,"2.85, 3.55, 4.83, 7.029999999999999"
C[C@H](N)C(=O)N[C@@H](CC(O)=O)C(=O)N[C@@H](CC(O)=O)C(=O)N[C@@H](C)C(O)=O,"2.93, 3.5, 4.35, 8.3"
Cc1cc(ccc1N(CC(O)=O)CC(O)=O)N(CC(O)=O)CC(O)=O,"2.27, 3.07, 4.96, 7.1"
N[C@@H](Cc1ccc(O)cc1)C(=O)N[C@H](CCC(O)=O)C(O)=O,"2.85, 4.65, 7.85, 10.17"
C(CN(Cc1ccccn1)Cc2ccccn2)N(Cc3ccccn3)Cc4ccccn4,"2.88, 3.3, 4.81, 7.12"
CC(C)[C@H](NC(=O)[C@H](CC(O)=O)NC(=O)[C@H](CCCCN)NC(=O)[C@@H](N)CCCNC(N)=N)C(O)=O,"3.04, 3.89, 7.34, 10.48"
OC(=O)CN(CC(O)=O)c1cccc(c1)N(CC(O)=O)CC(O)=O,"2.0, 2.86, 5.07, 5.8"
NCCCC[C@H](NC(=O)[C@@H](N)CCCNC(N)=N)C(=O)N[C@H](CC(O)=O)C(O)=O,"2.71, 4.12, 7.42, 10.55"
C[C@H](NC(=O)[C@H](C)NC(=O)[C@@H](N)CC(O)=O)C(=O)N[C@@H](CC(O)=O)C(O)=O,"3.12, 3.26, 4.64, 8.0"
C[C@H](N)C(=O)N[C@@H](CC(O)=O)C(=O)N[C@@H](C)C(=O)N[C@@H](CC(O)=O)C(O)=O,"3.14, 3.47, 4.63, 8.28"
NCCCC[C@@H](NC(=O)[C@@H](N)CCCNC(N)=N)C(=O)N[C@@H](CC(O)=O)C(O)=O,"2.78, 4.07, 7.39, 10.45"
NCCCC[C@H](NC(=O)[C@@H](N)CCCNC(N)=N)C(=O)N[C@@H](CC(O)=O)C(O)=O,"2.77, 4.2, 7.44, 10.49"
NCCCC[C@H](N)C(=O)N[C@@H](CCCCN)C(O)=O,"2.9, 7.42, 9.94, 10.9"
NCCCC[C@H](N)C(=O)N[C@H](CCCCN)C(=O)N[C@@H](CCCCN)C(O)=O,"2.8, 7.18, 9.68, 10.43, 11.31"
N[C@@H](CC(O)=O)C(=O)N[C@@H](CC(O)=O)C(=O)N[C@@H](CC(O)=O)C(O)=O,"1.8, 2.04, 3.87, 4.78, 8.13"
CC(C)[C@H](NC(=O)[C@H](CC(O)=O)NC(=O)[C@H](CCCCN)NC(=O)[C@@H](N)CCCNC(N)=N)C(=O)N[C@@H](Cc1ccc(O)cc1)C(O)=O,"1.9, 3.25, 7.2, 9.75, 10.38"
OC(=O)c1cc(C(O)=O)c(C(O)=O)c(C(O)=O)c1C(O)=O,"1.64, 2.515, 3.6533333333333338, 4.853333333333333, 6.033333333333334"
OC(=O)CNc1cc(C(O)=O)c(cc1C(O)=O)N(CC(O)=O)CC(O)=O,"1.8, 2.67, 3.57, 4.48, 9.4"
NCCCC[C@H](N)C(=O)N[C@@H](CCCCN)C(=O)N[C@@H](CCCCN)C(O)=O,"2.97, 7.23, 9.69, 10.43, 11.21"
NCCCC[C@H](N)C(=O)N[C@H](CCCCN)C(=O)N[C@H](CCCCN)C(O)=O,"2.83, 7.03, 9.49, 10.27, 10.98"
OC(=O)[C@H](CS)NCCN[C@@H](CS)C(O)=O,"1.7, 5.4, 7.91, 9.88, 11.14"
Cc1ccc(O)c(CN2CCN(CCN(CC2)Cc3nc(C)ccc3O)Cc4nc(C)ccc4O)n1,"4.28, 5.35, 7.0, 9.73, 10.86, 12.1"
